chr,start,end,stack
chr1,27355676,27355676,Likely_pathogenic
chr1,244855456,244855457,Likely_pathogenic
chr1,45329385,45329415,Likely_pathogenic
chr1,46189325,46189325,Likely_pathogenic
chr1,161305921,161305924,Likely_pathogenic
chr1,110061028,110061029,Likely_pathogenic
chr1,183240192,183240193,Likely_pathogenic
chr1,46189477,46189477,Likely_pathogenic
chr1,46189348,46189348,Likely_pathogenic
chr1,45329404,45329404,Likely_pathogenic
chr1,45329426,45329426,Likely_pathogenic
chr1,228158908,228158908,Likely_pathogenic
chr10,67805672,67805675,Likely_pathogenic
chr10,53821878,53821879,Likely_pathogenic
chr10,98429632,98429635,Likely_pathogenic
chr10,87965397,87965400,Likely_pathogenic
chr10,87965399,87965399,Likely_pathogenic
chr10,27537977,27537977,Likely_pathogenic
chr10,248492,248493,Likely_pathogenic
chr10,102402152,102402156,Likely_pathogenic
chr10,102402267,102402268,Likely_pathogenic
chr11,95831155,95831155,Likely_pathogenic
chr11,61784293,61784293,Likely_pathogenic
chr11,68157748,68157749,Likely_pathogenic
chr11,64804728,64804773,Likely_pathogenic
chr11,118482014,118482015,Likely_pathogenic
chr11,111908767,111908767,Likely_pathogenic
chr11,2884050,2884050,Likely_pathogenic
chr11,64804549,64804565,Likely_pathogenic
chr11,118482092,118482092,Likely_pathogenic
chr11,17772457,17772457,Likely_pathogenic
chr11,64804776,64804776,Likely_pathogenic
chr11,64804442,64804442,Likely_pathogenic
chr11,64804428,64804428,Likely_pathogenic
chr11,64804628,64804628,Likely_pathogenic
chr11,45934019,45934019,Likely_pathogenic
chr12,93738231,93738231,Likely_pathogenic
chr12,49185025,49185025,Likely_pathogenic
chr12,12121271,12121271,Likely_pathogenic
chr12,121001118,121001125,Likely_pathogenic
chr12,49955576,49955576,Likely_pathogenic
chr12,45905038,45905047,Likely_pathogenic
chr13,113735278,113735281,Likely_pathogenic
chr13,51934912,51934912,Likely_pathogenic
chr14,77025671,77025671,Likely_pathogenic
chr14,77025641,77025642,Likely_pathogenic
chr14,77025556,77025557,Likely_pathogenic
chr14,77025556,77025557,Likely_pathogenic
chr14,67767828,67767837,Likely_pathogenic
chr14,67767779,67767779,Likely_pathogenic
chr14,75963326,75963326,Likely_pathogenic
chr14,77025641,77025641,Likely_pathogenic
chr15,31001858,31001858,Likely_pathogenic
chr15,48411062,48411062,Likely_pathogenic
chr15,48411000,48411001,Likely_pathogenic
chr15,48411184,48411184,Likely_pathogenic
chr15,48411045,48411045,Likely_pathogenic
chr15,48411189,48411190,Likely_pathogenic
chr15,48411127,48411127,Likely_pathogenic
chr15,48411246,48411247,Likely_pathogenic
chr15,48411267,48411268,Likely_pathogenic
chr15,48412592,48412592,Likely_pathogenic
chr15,48411277,48411277,Likely_pathogenic
chr16,2500464,2500465,Likely_pathogenic
chr16,79211755,79211756,Likely_pathogenic
chr16,68833330,68833331,Likely_pathogenic
chr16,68829740,68829740,Likely_pathogenic
chr16,68833294,68833294,Likely_pathogenic
chr16,86511518,86511518,Likely_pathogenic
chr16,86511508,86511508,Likely_pathogenic
chr16,68829784,68829785,Likely_pathogenic
chr16,68829679,68829679,Likely_pathogenic
chr17,16325861,16325861,Likely_pathogenic
chr17,75778595,75778596,Likely_pathogenic
chr17,7587217,7587218,Likely_pathogenic
chr17,44375705,44375705,Likely_pathogenic
chr17,61683687,61683688,Likely_pathogenic
chr17,6425604,6425605,Likely_pathogenic
chr17,44374672,44374672,Likely_pathogenic
chr17,61683659,61683660,Likely_pathogenic
chr17,60656807,60656808,Likely_pathogenic
chr17,44374435,44374439,Likely_pathogenic
chr17,44374439,44374439,Likely_pathogenic
chr17,7673558,7673559,Likely_pathogenic
chr17,43091446,43091446,Likely_pathogenic
chr17,37699168,37699168,Likely_pathogenic
chr17,4898986,4899008,Likely_pathogenic
chr17,60656816,60656817,Likely_pathogenic
chr17,60656795,60656795,Likely_pathogenic
chr17,7673558,7673558,Likely_pathogenic
chr17,44374449,44374449,Likely_pathogenic
chr18,33746009,33746009,Likely_pathogenic
chr18,55228230,55228231,Likely_pathogenic
chr18,3457829,3457830,Likely_pathogenic
chr18,55228324,55228325,Likely_pathogenic
chr19,35826621,35826621,Likely_pathogenic
chr19,47839514,47839515,Likely_pathogenic
chr19,35826627,35826627,Likely_pathogenic
chr19,47839653,47839653,Likely_pathogenic
chr19,38587350,38587351,Likely_pathogenic
chr19,47839544,47839545,Likely_pathogenic
chr19,47839632,47839632,Likely_pathogenic
chr19,47839632,47839633,Likely_pathogenic
chr19,35830884,35830884,Likely_pathogenic
chr19,54129270,54129270,Likely_pathogenic
chr19,47839715,47839715,Likely_pathogenic
chr19,13090345,13090345,Likely_pathogenic
chr19,47839498,47839510,Likely_pathogenic
chr19,47839497,47839500,Likely_pathogenic
chr19,47839688,47839690,Likely_pathogenic
chr19,47839923,47839932,Likely_pathogenic
chr2,26460094,26460094,Likely_pathogenic
chr2,181538217,181538218,Likely_pathogenic
chr2,5693868,5693875,Likely_pathogenic
chr2,29193788,29193789,Likely_pathogenic
chr2,136114911,136114914,Likely_pathogenic
chr2,136114911,136114912,Likely_pathogenic
chr2,120989603,120989603,Likely_pathogenic
chr2,136114911,136114912,Likely_pathogenic
chr2,86232667,86232682,Likely_pathogenic
chr2,47808199,47808202,Likely_pathogenic
chr2,5693937,5693937,Likely_pathogenic
chr2,201760933,201760940,Likely_pathogenic
chr2,73572954,73572954,Likely_pathogenic
chr2,1892090,1892099,Likely_pathogenic
chr2,15218889,15218889,Likely_pathogenic
chr20,32436481,32436481,Likely_pathogenic
chr20,23048018,23048018,Likely_pathogenic
chr21,44294487,44294487,Likely_pathogenic
chr21,44294474,44294477,Likely_pathogenic
chr21,45512201,45512202,Likely_pathogenic
chr21,33557227,33557227,Likely_pathogenic
chr21,44294466,44294466,Likely_pathogenic
chr22,19766687,19766688,Likely_pathogenic
chr22,41178808,41178808,Likely_pathogenic
chr22,28687982,28687983,Likely_pathogenic
chr22,28687982,28687982,Likely_pathogenic
chr22,28689144,28689144,Likely_pathogenic
chr22,28689154,28689155,Likely_pathogenic
chr22,27751028,27751029,Likely_pathogenic
chr3,136338423,136338423,Likely_pathogenic
chr3,71772817,71772817,Likely_pathogenic
chr3,125232391,125232392,Likely_pathogenic
chr3,48467458,48467458,Likely_pathogenic
chr3,129533648,129533651,Likely_pathogenic
chr3,129533649,129533650,Likely_pathogenic
chr3,129533647,129533647,Likely_pathogenic
chr3,136349168,136349168,Likely_pathogenic
chr3,41239269,41239269,Likely_pathogenic
chr4,3493250,3493250,Likely_pathogenic
chr4,1004295,1004319,Likely_pathogenic
chr4,1004334,1004344,Likely_pathogenic
chr4,41746134,41746134,Likely_pathogenic
chr4,1004328,1004328,Likely_pathogenic
chr4,1004345,1004345,Likely_pathogenic
chr4,1004321,1004321,Likely_pathogenic
chr5,172346241,172346241,Likely_pathogenic
chr5,177992833,177992833,Likely_pathogenic
chr5,140115079,140115079,Likely_pathogenic
chr5,171410543,171410546,Likely_pathogenic
chr5,171410543,171410544,Likely_pathogenic
chr5,171410543,171410544,Likely_pathogenic
chr5,171410543,171410544,Likely_pathogenic
chr5,171410543,171410544,Likely_pathogenic
chr5,171410543,171410544,Likely_pathogenic
chr5,171410543,171410544,Likely_pathogenic
chr5,128178664,128178674,Likely_pathogenic
chr6,42938688,42938691,Likely_pathogenic
chr6,129514573,129514574,Likely_pathogenic
chr6,170283265,170283266,Likely_pathogenic
chr6,157207837,157207838,Likely_pathogenic
chr6,10784532,10784533,Likely_pathogenic
chr6,157207484,157207487,Likely_pathogenic
chr6,157207666,157207666,Likely_pathogenic
chr6,157207497,157207497,Likely_pathogenic
chr6,157206797,157206797,Likely_pathogenic
chr6,157207612,157207612,Likely_pathogenic
chr7,100106505,100106505,Likely_pathogenic
chr7,117667054,117667054,Likely_pathogenic
chr7,74068685,74068685,Likely_pathogenic
chr7,117667065,117667065,Likely_pathogenic
chr7,41965302,41965302,Likely_pathogenic
chr8,89943296,89943318,Likely_pathogenic
chr8,144511458,144511459,Likely_pathogenic
chr8,89943295,89943296,Likely_pathogenic
chr8,89953562,89953563,Likely_pathogenic
chr8,89946209,89946224,Likely_pathogenic
chr8,89943305,89943309,Likely_pathogenic
chr8,89953562,89953565,Likely_pathogenic
chr8,89953449,89953449,Likely_pathogenic
chr8,89943339,89943340,Likely_pathogenic
chr8,89946209,89946210,Likely_pathogenic
chr8,11758328,11758330,Likely_pathogenic
chr8,86576050,86576053,Likely_pathogenic
chr8,89946160,89946161,Likely_pathogenic
chr9,100300580,100300580,Likely_pathogenic
chr9,114478552,114478552,Likely_pathogenic
chr9,126695875,126695875,Likely_pathogenic
chrX,37810875,37810875,Likely_pathogenic
chrX,71224514,71224515,Likely_pathogenic
chrX,47572956,47572956,Likely_pathogenic
chrX,41347381,41347381,Likely_pathogenic
chrX,48902777,48902778,Likely_pathogenic
chrX,47574022,47574022,Likely_pathogenic
chrX,71224549,71224552,Likely_pathogenic
chrX,48903022,48903026,Likely_pathogenic
chrX,49191547,49191550,Likely_pathogenic
chrX,71224479,71224479,Likely_pathogenic
chrX,49251358,49251360,Likely_pathogenic
chr1,228158883,228158893,Pathogenic
chr1,27547569,27547569,Pathogenic
chr1,244855516,244855520,Pathogenic
chr1,244855505,244855506,Pathogenic
chr1,244855471,244855472,Pathogenic
chr1,149923585,149923585,Pathogenic
chr1,149923568,149923587,Pathogenic
chr1,197477872,197477872,Pathogenic
chr1,45329310,45329310,Pathogenic
chr1,9981093,9981093,Pathogenic
chr1,197477775,197477784,Pathogenic
chr1,149923559,149923565,Pathogenic
chr1,149923654,149923654,Pathogenic
chr1,149923618,149923618,Pathogenic
chr1,45330525,45330525,Pathogenic
chr1,45329405,45329406,Pathogenic
chr1,235803019,235803019,Pathogenic
chr1,149923868,149923868,Pathogenic
chr1,33014567,33014567,Pathogenic
chr1,3731040,3731040,Pathogenic
chr1,91266061,91266062,Pathogenic
chr1,149923669,149923670,Pathogenic
chr1,149923670,149923670,Pathogenic
chr10,84219123,84219126,Pathogenic
chr10,102656891,102656913,Pathogenic
chr10,101018284,101018284,Pathogenic
chr10,102656859,102656859,Pathogenic
chr10,76324465,76324465,Pathogenic
chr10,98429806,98429806,Pathogenic
chr10,89012044,89012044,Pathogenic
chr10,129840308,129840308,Pathogenic
chr10,28619544,28619545,Pathogenic
chr10,87965374,87965377,Pathogenic
chr10,102402137,102402144,Pathogenic
chr10,129840964,129840976,Pathogenic
chr10,102402144,102402144,Pathogenic
chr10,98429578,98429578,Pathogenic
chr10,102599529,102599529,Pathogenic
chr10,28614595,28614602,Pathogenic
chr10,248423,248426,Pathogenic
chr10,248925,248926,Pathogenic
chr10,100781310,100781310,Pathogenic
chr10,102599538,102599538,Pathogenic
chr11,65111469,65111469,Pathogenic
chr11,73395209,73395210,Pathogenic
chr11,62690370,62690395,Pathogenic
chr11,111497243,111497246,Pathogenic
chr11,107504868,107504868,Pathogenic
chr11,61785859,61785859,Pathogenic
chr11,2847863,2847882,Pathogenic
chr11,31793482,31793488,Pathogenic
chr11,111908778,111908778,Pathogenic
chr11,64804754,64804767,Pathogenic
chr11,31793503,31793503,Pathogenic
chr11,116790236,116790239,Pathogenic
chr11,61437712,61437712,Pathogenic
chr11,64804694,64804694,Pathogenic
chr11,31793451,31793454,Pathogenic
chr11,31793544,31793545,Pathogenic
chr11,64804730,64804730,Pathogenic
chr11,31793518,31793518,Pathogenic
chr11,68050236,68050237,Pathogenic
chr11,61437784,61437784,Pathogenic
chr11,64804777,64804778,Pathogenic
chr11,118482005,118482005,Pathogenic
chr11,64804703,64804703,Pathogenic
chr11,64804488,64804495,Pathogenic
chr11,64804626,64804635,Pathogenic
chr11,31793659,31793659,Pathogenic
chr11,64804785,64804792,Pathogenic
chr11,64804516,64804516,Pathogenic
chr11,64804632,64804633,Pathogenic
chr11,64804747,64804747,Pathogenic
chr11,64804611,64804611,Pathogenic
chr11,3002021,3002021,Pathogenic
chr11,64804680,64804680,Pathogenic
chr11,64804618,64804619,Pathogenic
chr11,64804637,64804638,Pathogenic
chr11,70492431,70492431,Pathogenic
chr11,64804593,64804593,Pathogenic
chr11,64804577,64804577,Pathogenic
chr11,64804620,64804621,Pathogenic
chr11,64804619,64804620,Pathogenic
chr11,64804619,64804619,Pathogenic
chr11,64804499,64804502,Pathogenic
chr11,31793689,31793689,Pathogenic
chr11,64804497,64804497,Pathogenic
chr11,31793743,31793744,Pathogenic
chr11,17720334,17720335,Pathogenic
chr11,64804446,64804468,Pathogenic
chr11,64804446,64804524,Pathogenic
chr11,2847859,2847859,Pathogenic
chr11,64804777,64804777,Pathogenic
chr12,123256941,123256945,Pathogenic
chr12,52360928,52360929,Pathogenic
chr12,94308912,94308912,Pathogenic
chr12,115966209,115966209,Pathogenic
chr12,57581881,57581881,Pathogenic
chr12,57581470,57581470,Pathogenic
chr12,57581512,57581512,Pathogenic
chr12,120999601,120999620,Pathogenic
chr12,114366223,114366223,Pathogenic
chr12,114366189,114366189,Pathogenic
chr12,114366220,114366221,Pathogenic
chr12,114366333,114366334,Pathogenic
chr12,114366169,114366169,Pathogenic
chr12,114366242,114366242,Pathogenic
chr13,95577978,95577978,Pathogenic
chr13,32398756,32398756,Pathogenic
chr13,51934779,51934780,Pathogenic
chr13,24883255,24883258,Pathogenic
chr14,91272870,91272871,Pathogenic
chr14,67762212,67762212,Pathogenic
chr14,77025655,77025655,Pathogenic
chr14,96876091,96876092,Pathogenic
chr14,21345140,21345146,Pathogenic
chr14,21348211,21348214,Pathogenic
chr14,28768678,28768681,Pathogenic
chr14,28768689,28768689,Pathogenic
chr14,28768690,28768693,Pathogenic
chr14,45167106,45167118,Pathogenic
chr14,21343123,21343123,Pathogenic
chr14,56801818,56801818,Pathogenic
chr14,56801845,56801848,Pathogenic
chr14,56801956,56801956,Pathogenic
chr14,56801880,56801880,Pathogenic
chr14,36517434,36517434,Pathogenic
chr14,56801931,56801931,Pathogenic
chr14,67766344,67766354,Pathogenic
chr14,75963358,75963359,Pathogenic
chr15,80979313,80979317,Pathogenic
chr15,65651693,65651693,Pathogenic
chr15,48411083,48411086,Pathogenic
chr15,48411077,48411081,Pathogenic
chr15,71814051,71814055,Pathogenic
chr15,48411315,48411331,Pathogenic
chr15,48412613,48412620,Pathogenic
chr15,48411350,48411350,Pathogenic
chr15,26560958,26560958,Pathogenic
chr15,48411347,48411347,Pathogenic
chr15,40936838,40936845,Pathogenic
chr15,48411340,48411341,Pathogenic
chr15,80979292,80979293,Pathogenic
chr16,84176171,84176171,Pathogenic
chr16,88715214,88715217,Pathogenic
chr16,88643526,88643526,Pathogenic
chr16,88870,88870,Pathogenic
chr16,23215268,23215272,Pathogenic
chr16,68833321,68833321,Pathogenic
chr16,46696052,46696055,Pathogenic
chr16,2088587,2088588,Pathogenic
chr16,30086356,30086357,Pathogenic
chr16,86511434,86511441,Pathogenic
chr16,89738901,89738902,Pathogenic
chr16,23380727,23380727,Pathogenic
chr16,68829743,68829762,Pathogenic
chr16,86511531,86511531,Pathogenic
chr16,86512975,86512976,Pathogenic
chr16,53611017,53611021,Pathogenic
chr16,68828284,68828284,Pathogenic
chr16,86511418,86511419,Pathogenic
chr16,53619034,53619034,Pathogenic
chr16,68828271,68828271,Pathogenic
chr16,86511252,86511259,Pathogenic
chr16,86568666,86568666,Pathogenic
chr16,68829753,68829753,Pathogenic
chr16,54933783,54933789,Pathogenic
chr16,23380662,23380662,Pathogenic
chr17,74314159,74314159,Pathogenic
chr17,44375681,44375681,Pathogenic
chr17,49973761,49973761,Pathogenic
chr17,4899020,4899021,Pathogenic
chr17,80214193,80214193,Pathogenic
chr17,7673570,7673588,Pathogenic
chr17,44375082,44375091,Pathogenic
chr17,7673567,7673585,Pathogenic
chr17,7673595,7673596,Pathogenic
chr17,44374719,44374719,Pathogenic
chr17,7673570,7673579,Pathogenic
chr17,7673578,7673582,Pathogenic
chr17,7673595,7673595,Pathogenic
chr17,7673578,7673579,Pathogenic
chr17,7673579,7673580,Pathogenic
chr17,7673582,7673583,Pathogenic
chr17,7673582,7673583,Pathogenic
chr17,7673583,7673583,Pathogenic
chr17,80212257,80212257,Pathogenic
chr17,43091465,43091469,Pathogenic
chr17,43091466,43091469,Pathogenic
chr17,43091481,43091482,Pathogenic
chr17,43091441,43091457,Pathogenic
chr17,7673537,7673538,Pathogenic
chr17,43091488,43091488,Pathogenic
chr17,43091470,43091474,Pathogenic
chr17,43091461,43091462,Pathogenic
chr17,7673570,7673571,Pathogenic
chr17,43091457,43091458,Pathogenic
chr17,8103335,8103342,Pathogenic
chr17,43091438,43091439,Pathogenic
chr17,43091479,43091480,Pathogenic
chr17,43091480,43091481,Pathogenic
chr17,7673704,7673705,Pathogenic
chr17,7673601,7673601,Pathogenic
chr17,7673704,7673704,Pathogenic
chr17,43091492,43091493,Pathogenic
chr17,43091496,43091496,Pathogenic
chr17,43091490,43091493,Pathogenic
chr17,43091460,43091460,Pathogenic
chr17,43091452,43091452,Pathogenic
chr17,43091495,43091495,Pathogenic
chr17,60656792,60656792,Pathogenic
chr17,43091463,43091466,Pathogenic
chr17,43091489,43091490,Pathogenic
chr17,43091515,43091516,Pathogenic
chr17,43091465,43091465,Pathogenic
chr17,7673545,7673546,Pathogenic
chr17,43091462,43091465,Pathogenic
chr17,43091466,43091467,Pathogenic
chr17,10523166,10523169,Pathogenic
chr17,7673542,7673543,Pathogenic
chr17,43091456,43091457,Pathogenic
chr17,43091437,43091437,Pathogenic
chr17,7673547,7673548,Pathogenic
chr17,43091518,43091518,Pathogenic
chr17,67893656,67893659,Pathogenic
chr17,60656827,60656831,Pathogenic
chr17,60656830,60656831,Pathogenic
chr17,80212263,80212263,Pathogenic
chr17,7673542,7673560,Pathogenic
chr17,7673570,7673575,Pathogenic
chr17,7673574,7673577,Pathogenic
chr17,43091462,43091463,Pathogenic
chr17,43091465,43091467,Pathogenic
chr17,43091463,43091469,Pathogenic
chr17,4898891,4898891,Pathogenic
chr17,43091509,43091509,Pathogenic
chr18,27952310,27952311,Pathogenic
chr18,55228283,55228284,Pathogenic
chr18,3457899,3457899,Pathogenic
chr18,22182831,22182832,Pathogenic
chr18,59269381,59269381,Pathogenic
chr19,13104972,13104972,Pathogenic
chr19,1469941,1469941,Pathogenic
chr19,36103666,36103682,Pathogenic
chr19,55151898,55151904,Pathogenic
chr19,36103161,36103162,Pathogenic
chr19,12943814,12943815,Pathogenic
chr19,36104569,36104572,Pathogenic
chr19,47839678,47839678,Pathogenic
chr19,47839515,47839515,Pathogenic
chr19,47839586,47839587,Pathogenic
chr19,36102994,36103012,Pathogenic
chr19,47839469,47839469,Pathogenic
chr19,7561219,7561219,Pathogenic
chr19,11129652,11129664,Pathogenic
chr19,47839567,47839568,Pathogenic
chr19,47839568,47839569,Pathogenic
chr19,47839760,47839760,Pathogenic
chr19,2102255,2102256,Pathogenic
chr19,47839567,47839568,Pathogenic
chr19,47839522,47839522,Pathogenic
chr19,13929638,13929638,Pathogenic
chr19,35830914,35830915,Pathogenic
chr19,49861474,49861475,Pathogenic
chr19,49861672,49861673,Pathogenic
chr19,47839614,47839614,Pathogenic
chr19,47839509,47839509,Pathogenic
chr19,47839569,47839569,Pathogenic
chr19,47839724,47839724,Pathogenic
chr19,11131285,11131285,Pathogenic
chr19,47839630,47839630,Pathogenic
chr19,47839728,47839728,Pathogenic
chr19,11129631,11129631,Pathogenic
chr19,38572166,38572166,Pathogenic
chr19,11129572,11129576,Pathogenic
chr19,47839586,47839586,Pathogenic
chr19,11129622,11129622,Pathogenic
chr19,13081843,13081843,Pathogenic
chr19,13090349,13090349,Pathogenic
chr19,41869725,41869726,Pathogenic
chr19,38572053,38572053,Pathogenic
chr19,47839594,47839594,Pathogenic
chr19,11129598,11129598,Pathogenic
chr19,47839880,47839880,Pathogenic
chr19,47839577,47839577,Pathogenic
chr19,11129623,11129625,Pathogenic
chr2,214932640,214932641,Pathogenic
chr2,26454703,26454703,Pathogenic
chr2,120988708,120988754,Pathogenic
chr2,218892962,218892962,Pathogenic
chr2,218892921,218892928,Pathogenic
chr2,218893009,218893009,Pathogenic
chr2,148512906,148512906,Pathogenic
chr2,110123848,110123848,Pathogenic
chr2,71686464,71686464,Pathogenic
chr2,74101763,74101769,Pathogenic
chr2,73573291,73573295,Pathogenic
chr2,73573292,73573296,Pathogenic
chr2,73573256,73573256,Pathogenic
chr2,73573324,73573325,Pathogenic
chr2,73573269,73573270,Pathogenic
chr2,73573188,73573191,Pathogenic
chr2,73573184,73573187,Pathogenic
chr2,73573184,73573185,Pathogenic
chr2,47808157,47808158,Pathogenic
chr2,47808163,47808164,Pathogenic
chr2,73572990,73573008,Pathogenic
chr2,144389552,144389552,Pathogenic
chr2,73573043,73573044,Pathogenic
chr2,71682614,71682614,Pathogenic
chr2,144389563,144389563,Pathogenic
chr2,135168632,135168632,Pathogenic
chr2,5693884,5693896,Pathogenic
chr2,218892915,218892916,Pathogenic
chr2,120989532,120989532,Pathogenic
chr2,136114915,136114916,Pathogenic
chr2,71681074,71681084,Pathogenic
chr2,218892949,218892949,Pathogenic
chr2,135162606,135162610,Pathogenic
chr2,25161452,25161452,Pathogenic
chr2,1892132,1892132,Pathogenic
chr2,219425706,219425709,Pathogenic
chr2,71681102,71681102,Pathogenic
chr2,1889337,1889338,Pathogenic
chr2,1889349,1889349,Pathogenic
chr2,222294194,222294195,Pathogenic
chr2,222294197,222294197,Pathogenic
chr2,218893182,218893195,Pathogenic
chr20,63406689,63406695,Pathogenic
chr20,63406666,63406666,Pathogenic
chr20,63695380,63695380,Pathogenic
chr20,63406708,63406708,Pathogenic
chr20,45001309,45001309,Pathogenic
chr20,32436834,32436834,Pathogenic
chr20,32436462,32436466,Pathogenic
chr20,32436828,32436829,Pathogenic
chr21,44296392,44296392,Pathogenic
chr21,34792165,34792166,Pathogenic
chr21,45510100,45510101,Pathogenic
chr21,45510087,45510088,Pathogenic
chr21,33555318,33555318,Pathogenic
chr21,45510091,45510092,Pathogenic
chr21,34792484,34792490,Pathogenic
chr22,20425445,20425445,Pathogenic
chr22,19766445,19766445,Pathogenic
chr22,19766602,19766602,Pathogenic
chr22,19766469,19766469,Pathogenic
chr22,19766562,19766562,Pathogenic
chr22,27750978,27750978,Pathogenic
chr22,27751029,27751032,Pathogenic
chr22,29490649,29490650,Pathogenic
chr22,41178931,41178932,Pathogenic
chr22,37973517,37973517,Pathogenic
chr22,31819101,31819107,Pathogenic
chr22,31819199,31819199,Pathogenic
chr22,19765973,19765973,Pathogenic
chr3,101229565,101229565,Pathogenic
chr3,52096646,52096646,Pathogenic
chr3,129533708,129533708,Pathogenic
chr3,100310462,100310463,Pathogenic
chr3,138945768,138945775,Pathogenic
chr3,138945712,138945712,Pathogenic
chr3,138945620,138945620,Pathogenic
chr3,147413389,147413399,Pathogenic
chr3,183015537,183015537,Pathogenic
chr3,138945741,138945741,Pathogenic
chr3,181713276,181713285,Pathogenic
chr3,183015531,183015531,Pathogenic
chr3,181713300,181713301,Pathogenic
chr3,189894295,189894299,Pathogenic
chr3,181713194,181713194,Pathogenic
chr3,181713188,181713188,Pathogenic
chr3,138945726,138945788,Pathogenic
chr3,181713201,181713220,Pathogenic
chr3,100310515,100310515,Pathogenic
chr3,138945725,138945725,Pathogenic
chr4,3493274,3493289,Pathogenic
chr4,41745993,41746030,Pathogenic
chr4,5563013,5563013,Pathogenic
chr4,5562996,5562996,Pathogenic
chr4,5562982,5562982,Pathogenic
chr4,79978049,79978049,Pathogenic
chr4,5565277,5565277,Pathogenic
chr4,88075630,88075630,Pathogenic
chr4,17501734,17501734,Pathogenic
chr4,5565283,5565283,Pathogenic
chr4,41745886,41745886,Pathogenic
chr5,91153324,91153342,Pathogenic
chr5,172350406,172350406,Pathogenic
chr5,91163862,91163865,Pathogenic
chr5,37063829,37063866,Pathogenic
chr5,140115104,140115117,Pathogenic
chr5,177295403,177295403,Pathogenic
chr5,177295401,177295401,Pathogenic
chr5,177295410,177295410,Pathogenic
chr5,179833096,179833097,Pathogenic
chr5,70942752,70942753,Pathogenic
chr5,126549950,126549950,Pathogenic
chr5,70942825,70942825,Pathogenic
chr5,179833083,179833083,Pathogenic
chr5,161897251,161897261,Pathogenic
chr5,171410541,171410542,Pathogenic
chr5,171410541,171410542,Pathogenic
chr5,171410541,171410542,Pathogenic
chr5,171410541,171410542,Pathogenic
chr5,171410541,171410542,Pathogenic
chr5,171410542,171410543,Pathogenic
chr5,171410542,171410543,Pathogenic
chr5,171410542,171410543,Pathogenic
chr5,171410542,171410543,Pathogenic
chr5,171410542,171410543,Pathogenic
chr5,171410542,171410543,Pathogenic
chr5,171410542,171410543,Pathogenic
chr5,171410542,171410543,Pathogenic
chr5,162149271,162149271,Pathogenic
chr5,171410544,171410545,Pathogenic
chr5,171410544,171410545,Pathogenic
chr5,171410542,171410547,Pathogenic
chr5,171410544,171410553,Pathogenic
chr5,171410549,171410553,Pathogenic
chr5,171410549,171410553,Pathogenic
chr5,171410549,171410553,Pathogenic
chr5,171410549,171410553,Pathogenic
chr5,171410549,171410553,Pathogenic
chr5,171410549,171410555,Pathogenic
chr5,171410542,171410542,Pathogenic
chr6,157207841,157207841,Pathogenic
chr6,157207769,157207791,Pathogenic
chr6,10874116,10874116,Pathogenic
chr6,10874127,10874127,Pathogenic
chr6,129516200,129516200,Pathogenic
chr6,129514540,129514540,Pathogenic
chr6,123516160,123516160,Pathogenic
chr6,157206827,157206827,Pathogenic
chr6,157206704,157206707,Pathogenic
chr6,157206913,157206917,Pathogenic
chr6,157207395,157207396,Pathogenic
chr6,75914919,75914919,Pathogenic
chr6,170283234,170283235,Pathogenic
chr6,123530548,123530552,Pathogenic
chr6,123503894,123503894,Pathogenic
chr6,42698345,42698345,Pathogenic
chr6,157207337,157207337,Pathogenic
chr6,157206857,157206858,Pathogenic
chr6,157207105,157207106,Pathogenic
chr6,157207634,157207644,Pathogenic
chr6,47609225,47609225,Pathogenic
chr6,34424699,34424706,Pathogenic
chr6,157207668,157207668,Pathogenic
chr6,157207603,157207613,Pathogenic
chr6,10784522,10784523,Pathogenic
chr6,157207499,157207499,Pathogenic
chr6,157207080,157207080,Pathogenic
chr6,157207595,157207595,Pathogenic
chr6,157206964,157206964,Pathogenic
chr6,157207377,157207378,Pathogenic
chr6,157207182,157207182,Pathogenic
chr6,157206773,157206773,Pathogenic
chr6,1611038,1611056,Pathogenic
chr7,74063183,74063183,Pathogenic
chr7,78019685,78019685,Pathogenic
chr7,74063628,74063652,Pathogenic
chr7,155803005,155803005,Pathogenic
chr7,41964349,41964757,Pathogenic
chr7,129212378,129212379,Pathogenic
chr7,155803117,155803117,Pathogenic
chr7,74063647,74063647,Pathogenic
chr7,45075970,45075971,Pathogenic
chr7,41965707,41965708,Pathogenic
chr7,41964634,41964643,Pathogenic
chr7,27095728,27095728,Pathogenic
chr7,41964901,41964901,Pathogenic
chr7,41964678,41964678,Pathogenic
chr7,41965063,41965063,Pathogenic
chr7,41965438,41965438,Pathogenic
chr7,76304060,76304060,Pathogenic
chr7,41966069,41966069,Pathogenic
chr7,41965686,41965687,Pathogenic
chr7,35204478,35204478,Pathogenic
chr7,41965659,41965659,Pathogenic
chr7,74065969,74065969,Pathogenic
chr7,41964871,41964871,Pathogenic
chr7,41965619,41965619,Pathogenic
chr7,41965199,41965199,Pathogenic
chr7,76303988,76303988,Pathogenic
chr7,41965366,41965366,Pathogenic
chr7,76304066,76304066,Pathogenic
chr7,76304063,76304063,Pathogenic
chr7,41965161,41965169,Pathogenic
chr7,41965403,41965406,Pathogenic
chr8,124549783,124549804,Pathogenic
chr8,143215376,143215392,Pathogenic
chr8,100191455,100191459,Pathogenic
chr8,100191454,100191458,Pathogenic
chr8,1780265,1780266,Pathogenic
chr8,89953393,89953477,Pathogenic
chr8,38253645,38253646,Pathogenic
chr8,86575875,86575875,Pathogenic
chr8,89953391,89953392,Pathogenic
chr8,89953662,89953671,Pathogenic
chr8,89943294,89943297,Pathogenic
chr8,89953352,89953352,Pathogenic
chr8,89943335,89943335,Pathogenic
chr8,89947881,89947884,Pathogenic
chr8,89947853,89947856,Pathogenic
chr8,89953535,89953535,Pathogenic
chr8,89946211,89946224,Pathogenic
chr8,89953453,89953454,Pathogenic
chr8,89953320,89953320,Pathogenic
chr8,89953309,89953309,Pathogenic
chr8,89953608,89953609,Pathogenic
chr8,89953574,89953574,Pathogenic
chr8,89953506,89953506,Pathogenic
chr8,115587035,115587035,Pathogenic
chr8,89947878,89947878,Pathogenic
chr8,89953608,89953611,Pathogenic
chr8,89943327,89943328,Pathogenic
chr8,56166383,56166383,Pathogenic
chr8,89946270,89946270,Pathogenic
chr8,89946159,89946159,Pathogenic
chr8,89943338,89943338,Pathogenic
chr8,89946236,89946236,Pathogenic
chr8,11757012,11757012,Pathogenic
chr8,116848999,116848999,Pathogenic
chr8,60865895,60865897,Pathogenic
chr8,86576013,86576033,Pathogenic
chr8,89943290,89943292,Pathogenic
chr8,89953438,89953441,Pathogenic
chr8,89953438,89953442,Pathogenic
chr8,89953605,89953606,Pathogenic
chr8,89953438,89953438,Pathogenic
chr9,136366803,136366806,Pathogenic
chr9,108878016,108878019,Pathogenic
chr9,100300600,100300600,Pathogenic
chr9,35090214,35090214,Pathogenic
chr9,126695868,126695877,Pathogenic
chr9,114478653,114478653,Pathogenic
chr9,126695883,126695883,Pathogenic
chrX,18994920,18994920,Pathogenic
chrX,38269668,38269669,Pathogenic
chrX,74531545,74531545,Pathogenic
chrX,38269647,38269648,Pathogenic
chrX,71224529,71224529,Pathogenic
chrX,154381013,154381014,Pathogenic
chrX,154381073,154381077,Pathogenic
chrX,83509381,83509381,Pathogenic
chrX,48902484,48902506,Pathogenic
chrX,154381072,154381073,Pathogenic
chrX,74531516,74531516,Pathogenic
chrX,71224491,71224492,Pathogenic
chrX,71224505,71224505,Pathogenic
chrX,154380897,154380900,Pathogenic
chrX,48902387,48902390,Pathogenic
chrX,154381037,154381037,Pathogenic
chrX,136209939,136209939,Pathogenic
chrX,48902751,48902752,Pathogenic
chrX,48902447,48902447,Pathogenic
chrX,154381062,154381062,Pathogenic
chrX,80030796,80030796,Pathogenic
chrX,48902391,48902392,Pathogenic
chrX,10454978,10454979,Pathogenic
chrX,71224489,71224490,Pathogenic
chrX,18895149,18895149,Pathogenic
chrX,48902391,48902392,Pathogenic
chrX,67723691,67723691,Pathogenic
chrX,11298833,11298833,Pathogenic
chrX,18625183,18625183,Pathogenic
chrX,18625201,18625208,Pathogenic
chrX,40054000,40054000,Pathogenic
chrX,154380907,154380908,Pathogenic
chrX,10454887,10454906,Pathogenic
chrX,69616551,69616551,Pathogenic
chrX,11298899,11298899,Pathogenic
chrX,154381050,154381050,Pathogenic
chrX,18625217,18625217,Pathogenic
chrX,154381106,154381110,Pathogenic
chrX,67711468,67711468,Pathogenic
chrX,11298779,11298779,Pathogenic
chrX,154381052,154381052,Pathogenic
chrX,67711675,67711675,Pathogenic
chrX,69616560,69616560,Pathogenic
chrX,69616696,69616696,Pathogenic
chrX,11765724,11765725,Pathogenic
chrX,48902391,48902394,Pathogenic
chrX,150987789,150987792,Pathogenic
chrX,71224365,71224365,Pathogenic
chrX,18897299,18897299,Pathogenic
chrX,11298932,11298932,Pathogenic
chrX,150503409,150503409,Pathogenic
chr5,69433088,69433088,Pathogenic
chr1,47251285,47251285,Pathogenic
chr3,129533701,129533701,Pathogenic
chr8,89953615,89953615,Pathogenic
chr6,129516231,129516231,Pathogenic
chr17,21703981,21703981,Pathogenic
chr17,21704005,21704005,Pathogenic
chr12,4299947,4299947,Pathogenic
chr15,48411085,48411085,Pathogenic
chr13,24885305,24885305,Pathogenic
chrX,136044696,136044696,Pathogenic
chr16,30738033,30738033,Pathogenic
chr7,74061138,74061138,Pathogenic
chr15,48411338,48411338,Pathogenic
chr15,48411280,48411280,Pathogenic
chr1,235802998,235802998,Pathogenic
chr4,108846165,108846165,Pathogenic
chr1,201359216,201359216,Pathogenic
chr9,95240675,95240675,Pathogenic
chr11,2884110,2884110,Pathogenic
chr11,2884110,2884110,Pathogenic
chr8,89953366,89953366,Pathogenic
chr8,89946154,89946154,Pathogenic
chr8,89943272,89943272,Pathogenic
chrX,18625245,18625245,Pathogenic
chr21,43417622,43417622,Pathogenic
chr11,64804507,64804507,Pathogenic
chr11,64804738,64804738,Pathogenic
chr10,28616337,28616337,Pathogenic
chr8,89953342,89953342,Pathogenic
chr6,116928956,116928956,Pathogenic
chr6,157207241,157207241,Pathogenic
chr1,214663729,214663729,Pathogenic
chr19,11129569,11129569,Pathogenic
chr19,11129669,11129669,Pathogenic
chr17,43091443,43091443,Pathogenic
chr15,48411118,48411118,Pathogenic
chr22,31815101,31815101,Pathogenic
chr22,31819114,31819114,Pathogenic
chr17,16948752,16948752,Pathogenic
chr17,43091498,43091498,Pathogenic
chr17,43091489,43091489,Pathogenic
chr17,43091462,43091462,Pathogenic
chr17,80214206,80214206,Pathogenic
chr11,118482071,118482071,Pathogenic
chrX,50607403,50607403,Pathogenic
chr6,157206952,157206952,Pathogenic
chr1,46189458,46189458,Pathogenic
chr2,96809338,96809338,Pathogenic
chr12,49955555,49955555,Pathogenic
chrX,154380944,154380944,Pathogenic
chr1,145925920,145925920,Pathogenic
chr17,16317900,16317900,Pathogenic
chrX,65739816,65739816,Pathogenic
chr3,147413370,147413370,Pathogenic
chr3,147413372,147413372,Pathogenic
chr3,147413411,147413411,Pathogenic
chr19,41869748,41869748,Pathogenic
chr2,5694007,5694007,Pathogenic
chr15,41825284,41825284,Pathogenic
chr20,45949365,45949365,Pathogenic
chr6,1611936,1611936,Pathogenic
chr17,43091516,43091516,Pathogenic
chr14,21345145,21345145,Pathogenic
chr7,41965592,41965592,Pathogenic
chr10,28611831,28611831,Pathogenic
chrX,154380772,154380772,Pathogenic
chr2,73572866,73572866,Pathogenic
chr11,64804755,64804755,Pathogenic
chr8,89953536,89953536,Pathogenic
chr10,76557271,76557271,Pathogenic
chr15,48411339,48411339,Pathogenic
chrX,69616655,69616655,Pathogenic
chr2,218893145,218893145,Pathogenic
chr8,89943297,89943297,Pathogenic
chr2,11783834,11783834,Pathogenic
chr17,16948752,16948752,Pathogenic
chr7,117667091,117667091,Pathogenic
chr17,43091479,43091479,Pathogenic
chr17,43091456,43091456,Pathogenic
chr2,26454783,26454783,Pathogenic
chr6,47612492,47612492,Pathogenic
chr11,101453674,101453674,Pathogenic
chr10,102402138,102402138,Pathogenic
chr1,235793567,235793567,Pathogenic
chr6,123503899,123503899,Pathogenic
chrX,77456433,77456433,Pathogenic
chr19,35831056,35831056,Pathogenic
chr10,78037230,78037230,Pathogenic
chr14,96876033,96876033,Pathogenic
chr18,59269136,59269136,Pathogenic
chr6,75914119,75914119,Pathogenic
chr12,123256945,123256945,Pathogenic
chr17,43091477,43091477,Pathogenic
chr17,43091437,43091437,Pathogenic
chr19,11449338,11449338,Pathogenic
chr17,30997289,30997289,Pathogenic
chrX,72582562,72582562,Pathogenic
chrX,67711673,67711673,Pathogenic
chr16,53619112,53619112,Pathogenic
chr6,157207109,157207109,Pathogenic
chr2,73572819,73572819,Pathogenic
chr17,7673552,7673552,Pathogenic
chr17,7673555,7673555,Pathogenic
chr12,123256924,123256924,Pathogenic
chr11,64804789,64804789,Pathogenic
chr11,64804480,64804480,Pathogenic
chr11,64804588,64804588,Pathogenic
chr2,136114915,136114915,Pathogenic
chr11,65536319,65536319,Pathogenic
chr3,87253736,87253736,Pathogenic
chr16,68828296,68828296,Pathogenic
chr16,68828302,68828302,Pathogenic
chr22,32498453,32498453,Pathogenic
chr22,31815209,31815209,Pathogenic
chr12,6348981,6348981,Pathogenic
chr7,100106841,100106841,Pathogenic
chr6,34421793,34421793,Pathogenic
chr9,21970902,21970902,Pathogenic
chr12,114366312,114366312,Pathogenic
chr22,37769050,37769050,Pathogenic
chr10,28617762,28617762,Pathogenic
chr11,1841468,1841468,Pathogenic
chr11,31793521,31793521,Pathogenic
chr7,100630973,100630973,Pathogenic
chr5,44305045,44305045,Pathogenic
chr16,30086847,30086847,Pathogenic
chr8,89947835,89947835,Pathogenic
chr1,201359217,201359217,Pathogenic
chr2,219423817,219423817,Pathogenic
chr8,89943320,89943320,Pathogenic
chr7,76304078,76304078,Pathogenic
chr19,55154056,55154056,Pathogenic
chr9,95240655,95240655,Pathogenic
chr5,177992808,177992808,Pathogenic
chr17,7673704,7673704,Pathogenic