query,significant,p_value,term_size,query_size,intersection_size,precision,recall,term_id,source,term_name,effective_domain_size,source_order,parents
query_1,TRUE,1.1339828186937486e-9,2567,369,105,0.2845528455284553,0.04090377873003506,GO:0006357,GO:BP,regulation of transcription by RNA polymerase II,18123,2368,
query_1,TRUE,2.364947873453042e-9,1079,369,60,0.16260162601626016,0.05560704355885079,GO:0009887,GO:BP,animal organ morphogenesis,18123,4220,
query_1,TRUE,4.757276853962645e-9,1943,369,86,0.23306233062330622,0.0442614513638703,GO:0045935,GO:BP,positive regulation of nucleobase-containing compound metabolic process,18123,13687,
query_1,TRUE,5.5004638542034674e-9,2484,369,101,0.27371273712737126,0.04066022544283414,GO:0007399,GO:BP,nervous system development,18123,3289,
query_1,TRUE,8.513487778486859e-9,1623,369,76,0.20596205962059622,0.04682686383240912,GO:1903508,GO:BP,positive regulation of nucleic acid-templated transcription,18123,26537,
query_1,TRUE,8.513487778486859e-9,1623,369,76,0.20596205962059622,0.04682686383240912,GO:0045893,GO:BP,"positive regulation of transcription, DNA-templated",18123,13647,
query_1,TRUE,8.77630741207657e-9,1624,369,76,0.20596205962059622,0.046798029556650245,GO:1902680,GO:BP,positive regulation of RNA biosynthetic process,18123,25803,
query_1,TRUE,1.4087558351471557e-8,1775,369,80,0.21680216802168023,0.04507042253521127,GO:0051254,GO:BP,positive regulation of RNA metabolic process,18123,15755,
query_1,TRUE,1.8635688416261605e-8,209,369,24,0.06504065040650407,0.11483253588516747,GO:0009952,GO:BP,anterior/posterior pattern specification,18123,4265,
query_1,TRUE,2.0069125635820712e-8,3342,369,122,0.33062330623306235,0.036505086774386596,GO:0031325,GO:BP,positive regulation of cellular metabolic process,18123,8283,
query_1,TRUE,2.21031453992909e-8,2729,369,106,0.2872628726287263,0.03884206669109564,GO:0006366,GO:BP,transcription by RNA polymerase II,18123,2375,
query_1,TRUE,3.675481753491093e-8,339,369,30,0.08130081300813008,0.08849557522123894,GO:0003002,GO:BP,regionalization,18123,1587,
query_1,TRUE,4.267312142647268e-8,3143,369,116,0.3143631436314363,0.03690741329939548,GO:0051173,GO:BP,positive regulation of nitrogen compound metabolic process,18123,15688,
query_1,TRUE,6.51834136035446e-8,1200,369,61,0.16531165311653118,0.050833333333333335,GO:0045944,GO:BP,positive regulation of transcription by RNA polymerase II,18123,13695,
query_1,TRUE,9.592306734156606e-8,446,369,34,0.0921409214092141,0.07623318385650224,GO:0007389,GO:BP,pattern specification process,18123,3279,
query_1,TRUE,1.1321273106193575e-7,3873,369,133,0.3604336043360434,0.03434030467337981,GO:0009893,GO:BP,positive regulation of metabolic process,18123,4226,
query_1,TRUE,1.6533210106676484e-7,3568,369,125,0.33875338753387535,0.03503363228699551,GO:0010604,GO:BP,positive regulation of macromolecule metabolic process,18123,4763,
query_1,TRUE,2.3548524440481063e-7,899,369,50,0.13550135501355012,0.05561735261401557,GO:0000122,GO:BP,negative regulation of transcription by RNA polymerase II,18123,64,
query_1,TRUE,3.5605993120616966e-7,1859,369,79,0.2140921409214092,0.04249596557288865,GO:0010557,GO:BP,positive regulation of macromolecule biosynthetic process,18123,4721,
query_1,TRUE,5.326562724668033e-7,5863,369,177,0.4796747967479675,0.0301893228722497,GO:0048522,GO:BP,positive regulation of cellular process,18123,14889,
query_1,TRUE,9.135726764332835e-7,3701,369,126,0.34146341463414637,0.034044852742502026,GO:0048513,GO:BP,animal organ development,18123,14880,
query_1,TRUE,9.674587236227523e-7,436,369,32,0.08672086720867209,0.07339449541284404,GO:0048568,GO:BP,embryonic organ development,18123,14925,
query_1,TRUE,1.1503565789583524e-6,2013,369,82,0.2222222222222222,0.04073522106308992,GO:0009891,GO:BP,positive regulation of biosynthetic process,18123,4224,
query_1,TRUE,1.4730897830051076e-6,5886,369,176,0.47696476964769646,0.029901461094121645,GO:0051171,GO:BP,regulation of nitrogen compound metabolic process,18123,15686,
query_1,TRUE,1.5235274993465765e-6,6622,369,192,0.5203252032520326,0.028994261552401087,GO:0060255,GO:BP,regulation of macromolecule metabolic process,18123,17082,
query_1,TRUE,1.5500859498295546e-6,6071,369,180,0.4878048780487805,0.029649151704826224,GO:0080090,GO:BP,regulation of primary metabolic process,18123,20913,
query_1,TRUE,1.7658509530781743e-6,3534,369,121,0.32791327913279134,0.034238822863610636,GO:0006355,GO:BP,"regulation of transcription, DNA-templated",18123,2366,
query_1,TRUE,1.771255265865756e-6,6309,369,185,0.5013550135501355,0.02932318909494373,GO:0031323,GO:BP,regulation of cellular metabolic process,18123,8281,
query_1,TRUE,1.8305943233883724e-6,3536,369,121,0.32791327913279134,0.034219457013574664,GO:1903506,GO:BP,regulation of nucleic acid-templated transcription,18123,26535,
query_1,TRUE,2.002641758421644e-6,3541,369,121,0.32791327913279134,0.034171138096582884,GO:2001141,GO:BP,regulation of RNA biosynthetic process,18123,30294,
query_1,TRUE,2.3349037744138427e-6,3713,369,125,0.33875338753387535,0.033665499596014004,GO:0006351,GO:BP,"transcription, DNA-templated",18123,2362,
query_1,TRUE,2.4179525037213825e-6,3715,369,125,0.33875338753387535,0.033647375504710635,GO:0097659,GO:BP,nucleic acid-templated transcription,18123,21966,
query_1,TRUE,3.1932104331158286e-6,3731,369,125,0.33875338753387535,0.03350308228357009,GO:0032774,GO:BP,RNA biosynthetic process,18123,9045,
query_1,TRUE,3.2001966540329456e-6,2093,369,83,0.22493224932249323,0.03965599617773531,GO:0009888,GO:BP,tissue development,18123,4221,
query_1,TRUE,3.337590708260135e-6,6678,369,192,0.5203252032520326,0.028751123090745734,GO:0032502,GO:BP,developmental process,18123,8832,
query_1,TRUE,3.360790616292773e-6,5095,369,157,0.4254742547425474,0.030814524043179588,GO:0048731,GO:BP,system development,18123,15076,
query_1,TRUE,4.31180056035418e-6,4123,369,134,0.36314363143631434,0.032500606354596166,GO:0019219,GO:BP,regulation of nucleobase-containing compound metabolic process,18123,6493,
query_1,TRUE,6.213469107963055e-6,1976,369,79,0.2140921409214092,0.039979757085020245,GO:0031328,GO:BP,positive regulation of cellular biosynthetic process,18123,8286,
query_1,TRUE,6.257921514502279e-6,5670,369,169,0.45799457994579945,0.02980599647266314,GO:0007275,GO:BP,multicellular organism development,18123,3179,
query_1,TRUE,8.378568563366193e-6,139,369,17,0.04607046070460705,0.1223021582733813,GO:0055123,GO:BP,digestive system development,18123,16865,
query_1,TRUE,9.300644388869723e-6,6474,369,186,0.5040650406504065,0.028730305838739572,GO:0048518,GO:BP,positive regulation of biological process,18123,14885,
query_1,TRUE,1.086996905929114e-5,5218,369,158,0.4281842818428184,0.03027980068991951,GO:0010468,GO:BP,regulation of gene expression,18123,4662,
query_1,TRUE,1.1012373361913276e-5,6164,369,179,0.48509485094850946,0.029039584685269307,GO:0048856,GO:BP,anatomical structure development,18123,15191,
query_1,TRUE,1.1255340429351592e-5,3847,369,126,0.34146341463414637,0.03275279438523525,GO:0051252,GO:BP,regulation of RNA metabolic process,18123,15753,
query_1,TRUE,1.3708001121034751e-5,5234,369,158,0.4281842818428184,0.030187237294612153,GO:0090304,GO:BP,nucleic acid metabolic process,18123,21373,
query_1,TRUE,1.6104811008111417e-5,598,369,36,0.0975609756097561,0.06020066889632107,GO:0007507,GO:BP,heart development,18123,3387,
query_1,TRUE,1.6554624179640212e-05,12122,369,296,0.8021680216802168,0.024418412803167793,GO:0050789,GO:BP,regulation of biological process,18123,15367,
query_1,TRUE,1.683904642645661e-5,7175,369,200,0.5420054200542005,0.027874564459930314,GO:0019222,GO:BP,regulation of metabolic process,18123,6496,
query_1,TRUE,1.8346029629496417e-5,601,369,36,0.0975609756097561,0.059900166389351084,GO:0048598,GO:BP,embryonic morphogenesis,18123,14951,
query_1,TRUE,1.8705489066623613e-5,11517,369,285,0.7723577235772358,0.024746027611357125,GO:0050794,GO:BP,regulation of cellular process,18123,15371,
query_1,TRUE,1.8735933203331535e-5,1055,369,51,0.13821138211382114,0.04834123222748815,GO:0009790,GO:BP,embryo development,18123,4145,
query_1,TRUE,1.9807051732711585e-5,129,369,16,0.04336043360433604,0.12403100775193798,GO:0048565,GO:BP,digestive tract development,18123,14922,
query_1,TRUE,2.3371451710518122e-5,4102,369,131,0.35501355013550134,0.031935641150658216,GO:2000112,GO:BP,regulation of cellular macromolecule biosynthetic process,18123,29314,
query_1,TRUE,3.3198350494840016e-5,2816,369,99,0.2682926829268293,0.03515625,GO:0009653,GO:BP,anatomical structure morphogenesis,18123,4034,
query_1,TRUE,3.84057288736216e-5,4134,369,131,0.35501355013550134,0.031688437348814706,GO:0010556,GO:BP,regulation of macromolecule biosynthetic process,18123,4720,
query_1,TRUE,4.368312027718001e-5,45,369,10,0.02710027100271003,0.2222222222222222,GO:0048546,GO:BP,digestive tract morphogenesis,18123,14911,
query_1,TRUE,8.144336017768516e-5,1339,369,58,0.15718157181571815,0.043315907393577296,GO:0045892,GO:BP,"negative regulation of transcription, DNA-templated",18123,13646,
query_1,TRUE,8.580539735559264e-5,1341,369,58,0.15718157181571815,0.04325130499627144,GO:1903507,GO:BP,negative regulation of nucleic acid-templated transcription,18123,26536,
query_1,TRUE,9.038860146892999e-5,1343,369,58,0.15718157181571815,0.04318689501116903,GO:1902679,GO:BP,negative regulation of RNA biosynthetic process,18123,25802,
query_1,TRUE,9.915864971528052e-5,4714,369,143,0.3875338753387534,0.030335171828595672,GO:0016070,GO:BP,RNA metabolic process,18123,5687,
query_1,TRUE,9.934508785736765e-5,6192,369,176,0.47696476964769646,0.028423772609819122,GO:0010467,GO:BP,gene expression,18123,4661,
query_1,TRUE,1.082644937753524e-4,4374,369,135,0.36585365853658536,0.030864197530864196,GO:0009889,GO:BP,regulation of biosynthetic process,18123,4222,
query_1,TRUE,1.4231229891343165e-4,4307,369,133,0.3604336043360434,0.03087996285117251,GO:0031326,GO:BP,regulation of cellular biosynthetic process,18123,8284,
query_1,TRUE,1.646993525188938e-4,303,369,23,0.06233062330623306,0.07590759075907591,GO:0072001,GO:BP,renal system development,18123,19930,
query_1,TRUE,2.0192748985972675e-4,631,369,35,0.0948509485094851,0.0554675118858954,GO:0043009,GO:BP,chordate embryonic development,18123,12127,
query_1,TRUE,2.423449185168071e-4,1452,369,60,0.16260162601626016,0.04132231404958678,GO:0051253,GO:BP,negative regulation of RNA metabolic process,18123,15754,
query_1,TRUE,2.6263838626692425e-4,12802,369,304,0.8238482384823849,0.0237462896422434,GO:0065007,GO:BP,biological regulation,18123,18663,
query_1,TRUE,3.095548408337592e-4,1427,369,59,0.15989159891598917,0.04134548002803083,GO:0030182,GO:BP,neuron differentiation,18123,7753,
query_1,TRUE,3.6861628329477815e-4,4202,369,129,0.34959349593495936,0.030699666825321277,GO:0034654,GO:BP,nucleobase-containing compound biosynthetic process,18123,10036,
query_1,TRUE,4.036333503588161e-4,5081,369,149,0.4037940379403794,0.029324936036213344,GO:0034645,GO:BP,cellular macromolecule biosynthetic process,18123,10031,
query_1,TRUE,4.2850088302213215e-4,651,369,35,0.0948509485094851,0.053763440860215055,GO:0009792,GO:BP,embryo development ending in birth or egg hatching,18123,4147,
query_1,TRUE,4.3395897833656353e-4,295,369,22,0.05962059620596206,0.07457627118644068,GO:0048562,GO:BP,embryonic organ morphogenesis,18123,14919,
query_1,TRUE,4.569069997864716e-4,1338,369,56,0.15176151761517614,0.04185351270553064,GO:0060429,GO:BP,epithelium development,18123,17246,
query_1,TRUE,4.88136198962163e-4,1698,369,66,0.17886178861788618,0.038869257950530034,GO:0022008,GO:BP,neurogenesis,18123,7567,
query_1,TRUE,5.409233467571927e-4,8430,369,220,0.5962059620596206,0.02609727164887307,GO:0044260,GO:BP,cellular macromolecule metabolic process,18123,12740,
query_1,TRUE,6.097813655476899e-4,8000,369,211,0.5718157181571816,0.026375,GO:0032501,GO:BP,multicellular organismal process,18123,8831,
query_1,TRUE,6.387056726108949e-4,2122,369,77,0.2086720867208672,0.03628652214891612,GO:0048468,GO:BP,cell development,18123,14850,
query_1,TRUE,6.734682129740089e-4,1354,369,56,0.15176151761517614,0.0413589364844904,GO:0051094,GO:BP,positive regulation of developmental process,18123,15617,
query_1,TRUE,6.956494709900458e-4,1569,369,62,0.16802168021680217,0.039515615041427664,GO:0045934,GO:BP,negative regulation of nucleobase-containing compound metabolic process,18123,13686,
query_1,TRUE,7.377713389462902e-4,4468,369,134,0.36314363143631434,0.02999104744852283,GO:0048869,GO:BP,cellular developmental process,18123,15203,
query_1,TRUE,7.810309762328186e-4,75,369,11,0.02981029810298103,0.14666666666666667,GO:0003151,GO:BP,outflow tract morphogenesis,18123,1731,
query_1,TRUE,8.156829165624865e-4,1759,369,67,0.18157181571815717,0.03808982376350199,GO:0031327,GO:BP,negative regulation of cellular biosynthetic process,18123,8285,
query_1,TRUE,8.527786742322311e-4,4392,369,132,0.35772357723577236,0.030054644808743168,GO:0030154,GO:BP,cell differentiation,18123,7739,
query_1,TRUE,9.077466875297354e-4,892,369,42,0.11382113821138211,0.04708520179372197,GO:0045597,GO:BP,positive regulation of cell differentiation,18123,13371,
query_1,TRUE,9.195383737863608e-4,5145,369,149,0.4037940379403794,0.028960155490767737,GO:0009059,GO:BP,macromolecule biosynthetic process,18123,3675,
query_1,TRUE,0.0010125727833071591,4275,369,129,0.34959349593495936,0.030175438596491227,GO:0018130,GO:BP,heterocycle biosynthetic process,18123,6036,
query_1,TRUE,0.0011588367840426317,4285,369,129,0.34959349593495936,0.030105017502917154,GO:0019438,GO:BP,aromatic compound biosynthetic process,18123,6696,
query_1,TRUE,0.0012064525795435254,2785,369,93,0.25203252032520324,0.03339317773788151,GO:0031324,GO:BP,negative regulation of cellular metabolic process,18123,8282,
query_1,TRUE,0.001225936114271075,339,369,23,0.06233062330623306,0.06784660766961652,GO:0001655,GO:BP,urogenital system development,18123,488,
query_1,TRUE,0.001345810380862103,2592,369,88,0.23848238482384823,0.033950617283950615,GO:0051172,GO:BP,negative regulation of nitrogen compound metabolic process,18123,15687,
query_1,TRUE,0.0015385595088958821,1679,369,64,0.17344173441734417,0.038117927337701016,GO:2000113,GO:BP,negative regulation of cellular macromolecule biosynthetic process,18123,29315,
query_1,TRUE,0.0015654205555924018,1791,369,67,0.18157181571815717,0.03740926856504746,GO:0009890,GO:BP,negative regulation of biosynthetic process,18123,4223,
query_1,TRUE,0.0016819813333262578,294,369,21,0.056910569105691054,0.07142857142857142,GO:0001822,GO:BP,kidney development,18123,600,
query_1,TRUE,0.0017797692667167644,1576,369,61,0.16531165311653118,0.038705583756345176,GO:0048699,GO:BP,generation of neurons,18123,15044,
query_1,TRUE,0.0019291501721043517,1690,369,64,0.17344173441734417,0.0378698224852071,GO:0010558,GO:BP,negative regulation of macromolecule biosynthetic process,18123,4722,
query_1,TRUE,0.0022400775168295037,9867,369,246,0.6666666666666666,0.024931590148981452,GO:0043170,GO:BP,macromolecule metabolic process,18123,12224,
query_1,TRUE,0.002705575454152279,409,369,25,0.06775067750677506,0.061124694376528114,GO:0060537,GO:BP,muscle tissue development,18123,17353,
query_1,TRUE,0.0030479191628515006,646,369,33,0.08943089430894309,0.05108359133126935,GO:0061061,GO:BP,muscle structure development,18123,17854,
query_1,TRUE,0.003249698913079703,123,369,13,0.03523035230352303,0.10569105691056911,GO:0003206,GO:BP,cardiac chamber morphogenesis,18123,1786,
query_1,TRUE,0.003273926923202661,2057,369,73,0.1978319783197832,0.03548857559552747,GO:0008283,GO:BP,cell population proliferation,18123,3580,
query_1,TRUE,0.003456274157521322,70,369,10,0.02710027100271003,0.14285714285714285,GO:0003208,GO:BP,cardiac ventricle morphogenesis,18123,1788,
query_1,TRUE,0.0035049214018167654,5752,369,160,0.43360433604336046,0.027816411682892908,GO:0006139,GO:BP,nucleobase-containing compound metabolic process,18123,2173,
query_1,TRUE,0.004653397476912222,5054,369,144,0.3902439024390244,0.02849228333992877,GO:0044271,GO:BP,cellular nitrogen compound biosynthetic process,18123,12747,
query_1,TRUE,0.005385242701776036,5973,369,164,0.4444444444444444,0.027456889335342374,GO:0006725,GO:BP,cellular aromatic compound metabolic process,18123,2705,
query_1,TRUE,0.005630013701030046,31,369,7,0.018970189701897018,0.22580645161290322,GO:0048566,GO:BP,embryonic digestive tract development,18123,14923,
query_1,TRUE,0.008423228848072164,77,369,10,0.02710027100271003,0.12987012987012986,GO:0048844,GO:BP,artery morphogenesis,18123,15179,
query_1,TRUE,0.009091013076207874,4446,369,129,0.34959349593495936,0.029014844804318488,GO:1901362,GO:BP,organic cyclic compound biosynthetic process,18123,24638,
query_1,TRUE,0.009154162230698452,5929,369,162,0.43902439024390244,0.027323326024624724,GO:0046483,GO:BP,heterocycle metabolic process,18123,14204,
query_1,TRUE,0.011045823363106158,1052,369,44,0.11924119241192412,0.04182509505703422,GO:0007417,GO:BP,central nervous system development,18123,3304,
query_1,TRUE,0.011237675597755821,443,369,25,0.06775067750677506,0.056433408577878104,GO:0048732,GO:BP,gland development,18123,15077,
query_1,TRUE,0.011377855132938739,1158,369,47,0.12737127371273713,0.04058721934369603,GO:0035295,GO:BP,tube development,18123,10319,
query_1,TRUE,0.012425844802595244,255,369,18,0.04878048780487805,0.07058823529411765,GO:0003007,GO:BP,heart morphogenesis,18123,1592,
query_1,TRUE,0.012529095732971104,565,369,29,0.07859078590785908,0.05132743362831858,GO:0007423,GO:BP,sensory organ development,18123,3310,
query_1,TRUE,0.012962863189006505,566,369,29,0.07859078590785908,0.05123674911660778,GO:0002009,GO:BP,morphogenesis of an epithelium,18123,738,
query_1,TRUE,0.01323514138065073,390,369,23,0.06233062330623306,0.05897435897435897,GO:0014706,GO:BP,striated muscle tissue development,18123,5207,
query_1,TRUE,0.014599277474743749,6576,369,175,0.4742547425474255,0.02661192214111922,GO:0034641,GO:BP,cellular nitrogen compound metabolic process,18123,10027,
query_1,TRUE,0.015807611580295786,101,369,11,0.02981029810298103,0.10891089108910891,GO:0035282,GO:BP,segmentation,18123,10306,
query_1,TRUE,0.017150130643202793,261,369,18,0.04878048780487805,0.06896551724137931,GO:0048863,GO:BP,stem cell differentiation,18123,15197,
query_1,TRUE,0.018830141646982906,166,369,14,0.037940379403794036,0.08433734939759036,GO:0003205,GO:BP,cardiac chamber development,18123,1785,
query_1,TRUE,0.019130664905039164,103,369,11,0.02981029810298103,0.10679611650485436,GO:0060840,GO:BP,artery development,18123,17645,
query_1,TRUE,0.019431521230473384,1735,369,62,0.16802168021680217,0.035734870317002884,GO:0007267,GO:BP,cell-cell signaling,18123,3171,
query_1,TRUE,0.02089594247669786,675,369,32,0.08672086720867209,0.047407407407407405,GO:0048729,GO:BP,tissue morphogenesis,18123,15074,
query_1,TRUE,0.024139747379657125,5153,369,143,0.3875338753387534,0.027750824762274404,GO:0048523,GO:BP,negative regulation of cellular process,18123,14890,
query_1,TRUE,0.025652304108892077,87,369,10,0.02710027100271003,0.11494252873563218,GO:0009798,GO:BP,axis specification,18123,4150,
query_1,TRUE,0.028260137527296503,70,369,9,0.024390243902439025,0.12857142857142856,GO:0060411,GO:BP,cardiac septum morphogenesis,18123,17231,
query_1,TRUE,0.029441470003183177,16,369,5,0.013550135501355014,0.3125,GO:0048557,GO:BP,embryonic digestive tract morphogenesis,18123,14915,
query_1,TRUE,0.03027150884129343,6227,369,166,0.44986449864498645,0.026658101814678016,GO:1901360,GO:BP,organic cyclic compound metabolic process,18123,24636,
query_1,TRUE,0.033124536993956455,442,369,24,0.06504065040650407,0.05429864253393665,GO:0045785,GO:BP,positive regulation of cell adhesion,18123,13553,
query_1,TRUE,0.03871671993929156,1774,369,62,0.16802168021680217,0.03494926719278467,GO:0044093,GO:BP,positive regulation of molecular function,18123,12675,
query_1,TRUE,0.042218097587795454,509,369,26,0.07046070460704607,0.05108055009823183,GO:0001501,GO:BP,skeletal system development,18123,431,
query_1,TRUE,0.042505829556182505,133,369,12,0.032520325203252036,0.09022556390977443,GO:0035270,GO:BP,endocrine system development,18123,10298,
query_1,TRUE,0.04265838623147418,306,369,19,0.051490514905149054,0.06209150326797386,GO:0010720,GO:BP,positive regulation of cell development,18123,4873,
query_1,TRUE,0.042762418259709584,112,369,11,0.02981029810298103,0.09821428571428571,GO:0072009,GO:BP,nephron epithelium development,18123,19938,
query_1,TRUE,6.329760298972973e-10,1795,380,81,0.2131578947368421,0.04512534818941504,GO:0005694,GO:CC,chromosome,18964,348,
query_1,TRUE,3.554947088072223e-7,1235,380,58,0.15263157894736842,0.04696356275303644,GO:0000785,GO:CC,chromatin,18964,107,
query_1,TRUE,1.5962487117932102e-6,4112,380,131,0.3447368421052632,0.031857976653696496,GO:0005654,GO:CC,nucleoplasm,18964,312,
query_1,TRUE,2.6927415140697096e-5,7607,380,203,0.5342105263157895,0.026685947153937163,GO:0005634,GO:CC,nucleus,18964,295,
query_1,TRUE,2.724365216336048e-5,5094,380,149,0.39210526315789473,0.029250098154691793,GO:0043232,GO:CC,intracellular non-membrane-bounded organelle,18964,2133,
query_1,TRUE,3.0275579428233276e-5,5102,380,149,0.39210526315789473,0.02920423363386907,GO:0043228,GO:CC,non-membrane-bounded organelle,18964,2129,
query_1,TRUE,3.6447456971934975e-5,4453,380,134,0.3526315789473684,0.03009207275993712,GO:0031981,GO:CC,nuclear lumen,18964,1452,
query_1,TRUE,7.675754056116572e-5,2107,380,76,0.2,0.036070242050308496,GO:0030054,GO:CC,cell junction,18964,1026,
query_1,TRUE,1.3004253773555847e-4,5579,380,157,0.4131578947368421,0.02814124395052877,GO:0070013,GO:CC,intracellular organelle lumen,18964,2720,
query_1,TRUE,1.3004253773555847e-4,5579,380,157,0.4131578947368421,0.02814124395052877,GO:0043233,GO:CC,organelle lumen,18964,2134,
query_1,TRUE,1.3004253773555847e-4,5579,380,157,0.4131578947368421,0.02814124395052877,GO:0031974,GO:CC,membrane-enclosed lumen,18964,1446,
query_1,TRUE,2.537026530473209e-4,641,380,33,0.0868421052631579,0.0514820592823713,GO:0098794,GO:CC,postsynapse,18964,3626,
query_1,TRUE,0.0012912067018940254,1384,380,53,0.1394736842105263,0.03829479768786127,GO:0043005,GO:CC,neuron projection,18964,2094,
query_1,TRUE,0.002069993009234133,2337,380,77,0.2026315789473684,0.0329482242190843,GO:0042995,GO:CC,cell projection,18964,2093,
query_1,TRUE,0.0027234557625102876,2234,380,74,0.19473684210526315,0.03312444046553268,GO:0120025,GO:CC,plasma membrane bounded cell projection,18964,3860,
query_1,TRUE,0.0028087343837163658,1348,380,51,0.13421052631578947,0.037833827893175076,GO:0045202,GO:CC,synapse,18964,2447,
query_1,TRUE,0.009898419572147139,10,380,4,0.010526315789473684,0.4,GO:0014701,GO:CC,junctional sarcoplasmic reticulum membrane,18964,825,
query_1,TRUE,0.013578139165499381,641,380,29,0.07631578947368421,0.0452418096723869,GO:0030425,GO:CC,dendrite,18964,1100,
query_1,TRUE,0.014357029688366985,643,380,29,0.07631578947368421,0.04510108864696734,GO:0097447,GO:CC,dendritic tree,18964,3357,
query_1,TRUE,0.015661691600484216,816,380,34,0.08947368421052632,0.041666666666666664,GO:0016604,GO:CC,nuclear body,18964,899,
query_1,TRUE,0.01567857773140287,363,380,20,0.05263157894736842,0.05509641873278237,GO:0099572,GO:CC,postsynaptic specialization,18964,3791,
query_1,TRUE,0.019238543634985013,339,380,19,0.05,0.05604719764011799,GO:0014069,GO:CC,postsynaptic density,18964,824,
query_1,TRUE,0.02429403748924136,345,380,19,0.05,0.05507246376811594,GO:0032279,GO:CC,asymmetric synapse,18964,1509,
query_1,TRUE,0.025317935910685048,5,380,3,0.007894736842105263,0.6,GO:0030314,GO:CC,junctional membrane complex,18964,1096,
query_1,TRUE,1.1193873819762473e-8,2488,381,99,0.25984251968503935,0.039790996784565914,GO:0003677,GO:MF,DNA binding,18679,400,
query_1,TRUE,2.9934785646477724e-8,1916,381,82,0.2152230971128609,0.04279749478079332,GO:0140110,GO:MF,transcription regulator activity,18679,11788,
query_1,TRUE,6.142908660635073e-8,1666,381,74,0.1942257217847769,0.04441776710684274,GO:0043565,GO:MF,sequence-specific DNA binding,18679,6842,
query_1,TRUE,1.5377359323865107e-7,1563,381,70,0.1837270341207349,0.044785668586052464,GO:1990837,GO:MF,sequence-specific double-stranded DNA binding,18679,12233,
query_1,TRUE,2.510276205699167e-7,1184,381,58,0.15223097112860892,0.048986486486486486,GO:0000978,GO:MF,RNA polymerase II cis-regulatory region sequence-specific DNA binding,18679,130,
query_1,TRUE,3.1717358859017425e-7,1658,381,72,0.1889763779527559,0.04342581423401689,GO:0003690,GO:MF,double-stranded DNA binding,18679,412,
query_1,TRUE,4.498484754597149e-7,1500,381,67,0.17585301837270342,0.04466666666666667,GO:0000976,GO:MF,transcription cis-regulatory region binding,18679,128,
query_1,TRUE,4.581732437780852e-7,1203,381,58,0.15223097112860892,0.04821280133000831,GO:0000987,GO:MF,cis-regulatory region sequence-specific DNA binding,18679,136,
query_1,TRUE,4.736900446398782e-7,1401,381,64,0.1679790026246719,0.04568165596002855,GO:0000977,GO:MF,RNA polymerase II transcription regulatory region sequence-specific DNA binding,18679,129,
query_1,TRUE,4.754470325540013e-7,1502,381,67,0.17585301837270342,0.04460719041278296,GO:0001067,GO:MF,transcription regulatory region nucleic acid binding,18679,182,
query_1,TRUE,1.017864933879147e-6,1361,381,62,0.16272965879265092,0.045554739162380606,GO:0000981,GO:MF,"DNA-binding transcription factor activity, RNA polymerase II-specific",18679,132,
query_1,TRUE,2.0101310716045323e-6,1419,381,63,0.16535433070866143,0.04439746300211417,GO:0003700,GO:MF,DNA-binding transcription factor activity,18679,420,
query_1,TRUE,2.649820781305399e-4,556,381,31,0.08136482939632546,0.05575539568345324,GO:0008134,GO:MF,transcription factor binding,18679,1992,
query_1,TRUE,7.256240156780532e-4,4252,381,127,0.3333333333333333,0.02986829727187206,GO:0003676,GO:MF,nucleic acid binding,18679,399,
query_1,TRUE,0.0013028518427561624,452,381,26,0.06824146981627296,0.05752212389380531,GO:0001216,GO:MF,DNA-binding transcription activator activity,18679,235,
query_1,TRUE,0.009748043919140213,446,381,24,0.06299212598425197,0.053811659192825115,GO:0001228,GO:MF,"DNA-binding transcription activator activity, RNA polymerase II-specific",18679,241,
query_1,TRUE,0.010108793637022684,17,381,5,0.013123359580052493,0.29411764705882354,GO:0000400,GO:MF,four-way junction DNA binding,18679,91,
query_1,TRUE,1.0925767460739036e-4,1783,164,98,0.5975609756097561,0.054963544587773416,HP:0000006,HP,Autosomal dominant inheritance,4511,5,
query_1,TRUE,5.242499123723005e-4,527,164,42,0.25609756097560976,0.07969639468690702,HP:0000309,HP,Abnormality of the midface,4511,253,
query_1,TRUE,7.503382003873455e-4,141,164,19,0.11585365853658537,0.1347517730496454,HP:0001636,HP,Tetralogy of Fallot,4511,1196,
query_1,TRUE,0.008070695773064344,121,164,16,0.0975609756097561,0.1322314049586777,HP:0000415,HP,Abnormality of the choanae,4511,321,
query_1,TRUE,0.011447899133394767,216,164,22,0.13414634146341464,0.10185185185185185,HP:0011563,HP,Abnormal ventriculoarterial connection,4511,8006,
query_1,TRUE,0.013303016606864662,218,164,22,0.13414634146341464,0.10091743119266056,HP:0011545,HP,Abnormal connection of the cardiac segments,4511,7988,
query_1,TRUE,0.014521102584002415,141,164,17,0.10365853658536585,0.12056737588652482,HP:0000506,HP,Telecanthus,4511,388,
query_1,TRUE,0.01469955841322098,203,164,21,0.12804878048780488,0.10344827586206896,HP:0001710,HP,Conotruncal defect,4511,1256,
query_1,TRUE,0.015876693249704553,204,164,21,0.12804878048780488,0.10294117647058823,HP:0000126,HP,Hydronephrosis,4511,109,
query_1,TRUE,0.015876693249704553,204,164,21,0.12804878048780488,0.10294117647058823,HP:0010946,HP,Dilatation of the renal pelvis,4511,7406,
query_1,TRUE,0.01808094451897493,291,164,26,0.15853658536585366,0.08934707903780069,HP:0000069,HP,Abnormality of the ureter,4511,64,
query_1,TRUE,0.019937518406903765,207,164,21,0.12804878048780488,0.10144927536231885,HP:0010944,HP,Abnormal renal pelvis morphology,4511,7404,
query_1,TRUE,0.02515656081060822,389,164,31,0.18902439024390244,0.07969151670951156,HP:0011603,HP,Congenital malformation of the great arteries,4511,8046,
query_1,TRUE,0.030400086388121063,264,164,24,0.14634146341463414,0.09090909090909091,HP:0001643,HP,Patent ductus arteriosus,4511,1203,
query_1,TRUE,0.030449237033541666,149,164,17,0.10365853658536585,0.11409395973154363,HP:0002414,HP,Spina bifida,4511,1772,
query_1,TRUE,0.03078299956605627,355,164,29,0.17682926829268292,0.08169014084507042,HP:0001256,HP,"Intellectual disability, mild",4511,958,
query_1,TRUE,0.03521689434922209,182,164,19,0.11585365853658537,0.1043956043956044,HP:0410043,HP,Abnormal neural tube morphology,4511,15256,
query_1,TRUE,0.03521689434922209,182,164,19,0.11585365853658537,0.1043956043956044,HP:0045005,HP,Neural tube defect,4511,14136,
query_1,TRUE,0.0354170615394555,121,164,15,0.09146341463414634,0.12396694214876033,HP:0010161,HP,Abnormality of the phalanges of the toes,4511,6665,
query_1,TRUE,0.04195915721135589,57,164,10,0.06097560975609756,0.17543859649122806,HP:0009891,HP,Underdeveloped supraorbital ridges,4511,6402,
query_1,TRUE,0.0432874048208062,324,164,27,0.16463414634146342,0.08333333333333333,HP:0011792,HP,Neoplasm by histology,4511,8232,
query_1,TRUE,0.0030766017299942066,529,157,25,0.1592356687898089,0.04725897920604915,KEGG:05200,KEGG,Pathways in cancer,8000,431,
query_1,TRUE,0.029929589872064843,67,219,8,0.0365296803652968,0.11940298507462686,REAC:R-HSA-1650814,REAC,Collagen biosynthesis and modifying enzymes,10622,353,
query_1,TRUE,3.4114049254445023e-12,4390,399,158,0.39598997493734334,0.03599088838268793,TF:M10432_1,TF,Factor: MAZ; motif: GGGMGGGGS; match class: 1,19917,4787,
query_1,TRUE,1.0081627117318518e-10,8225,399,239,0.5989974937343359,0.02905775075987842,TF:M07040_1,TF,Factor: GKLF; motif: NNRRGRRNGNSNNN; match class: 1,19917,3027,
query_1,TRUE,1.0348986988080243e-10,11788,399,307,0.7694235588972431,0.026043434000678656,TF:M09734,TF,Factor: ZNF692; motif: SYNGGSCCCASCCNC,19917,10498,
query_1,TRUE,1.3197863775161953e-10,8242,399,239,0.5989974937343359,0.02899781606406212,TF:M12351_1,TF,Factor: TIEG1; motif: NCCCNSNCCCCGCCCCC; match class: 1,19917,8389,
query_1,TRUE,2.5381197169106097e-10,13735,399,339,0.849624060150376,0.024681470695303968,TF:M07039_1,TF,Factor: ETF; motif: CCCCGCCCCYN; match class: 1,19917,2071,
query_1,TRUE,6.16636073518157e-10,10645,399,284,0.7117794486215538,0.026679192108971347,TF:M07289_1,TF,Factor: GKLF; motif: NNNRGGNGNGGSN; match class: 1,19917,3029,
query_1,TRUE,8.420612131584551e-10,5925,399,187,0.46867167919799496,0.031561181434599156,TF:M12227_1,TF,Factor: ZIC4; motif: NNCCNCCCRYNGYGN; match class: 1,19917,8929,
query_1,TRUE,1.8180319662538149e-9,11151,399,292,0.731829573934837,0.026185992287687202,TF:M12227,TF,Factor: ZIC4; motif: NNCCNCCCRYNGYGN,19917,8928,
query_1,TRUE,1.873262104781867e-9,14305,399,346,0.8671679197994987,0.024187347081440057,TF:M00986,TF,Factor: Churchill; motif: CGGGNN,19917,794,
query_1,TRUE,3.085237148415512e-9,3152,399,119,0.2982456140350877,0.03775380710659899,TF:M01858_1,TF,Factor: AP-2beta; motif: GCNNNGGSCNGVGGGN; match class: 1,19917,135,
query_1,TRUE,7.753197798870012e-9,8758,399,244,0.6115288220551378,0.027860242064398265,TF:M04953,TF,Factor: Sp1; motif: GGNDGGRGGCGGGG,19917,7490,
query_1,TRUE,8.955567560509298e-9,9473,399,258,0.6466165413533834,0.027235300327245856,TF:M00470,TF,Factor: AP-2gamma; motif: GCCYNNGGS,19917,136,
query_1,TRUE,9.801899187559915e-9,7557,399,219,0.5488721804511278,0.028979753870583564,TF:M09826_1,TF,Factor: BTEB3; motif: CCNNSCCNSCCCCKCCCCC; match class: 1,19917,599,
query_1,TRUE,9.971739457336685e-9,9328,399,255,0.6390977443609023,0.02733704974271012,TF:M10432,TF,Factor: MAZ; motif: GGGMGGGGS,19917,4786,
query_1,TRUE,1.4243289915650837e-8,6142,399,188,0.47117794486215536,0.030608922175187236,TF:M09723_1,TF,Factor: BTEB1; motif: GGGGGCGGGGCNGSGGGNGS; match class: 1,19917,585,
query_1,TRUE,2.3626694581800963e-8,6585,399,197,0.49373433583959897,0.029916476841305998,TF:M10108,TF,Factor: WT1; motif: RGGNGGGGGAGGRGGNGGRG,19917,8576,
query_1,TRUE,2.5973649112330355e-8,4099,399,140,0.3508771929824561,0.03415467187118809,TF:M04953_1,TF,Factor: Sp1; motif: GGNDGGRGGCGGGG; match class: 1,19917,7491,
query_1,TRUE,2.6502792480058264e-8,5599,399,175,0.43859649122807015,0.03125558135381318,TF:M09984_1,TF,Factor: MAZ; motif: GGGGGAGGGGGNGRGRRRGNRG; match class: 1,19917,4785,
query_1,TRUE,3.186872751911986e-8,9820,399,263,0.6591478696741855,0.026782077393075355,TF:M02036,TF,Factor: WT1; motif: CGCCCCCNCN,19917,8582,
query_1,TRUE,3.6745674055033516e-8,2690,399,104,0.2606516290726817,0.038661710037174724,TF:M01175_1,TF,Factor: CKROX; motif: SCCCTCCCC; match class: 1,19917,809,
query_1,TRUE,3.880651319376943e-8,9425,399,255,0.6390977443609023,0.027055702917771884,TF:M02089_1,TF,Factor: E2F-3; motif: GGCGGGN; match class: 1,19917,1429,
query_1,TRUE,4.4207451722838146e-8,5191,399,165,0.41353383458646614,0.031785783086110575,TF:M00933_1,TF,Factor: Sp1; motif: CCCCGCCCCN; match class: 1,19917,7505,
query_1,TRUE,5.2496712925447205e-8,10429,399,274,0.6867167919799498,0.026272892894812543,TF:M00986_1,TF,Factor: Churchill; motif: CGGGNN; match class: 1,19917,795,
query_1,TRUE,5.8570389939164115e-8,4185,399,141,0.3533834586466165,0.03369175627240143,TF:M00649_1,TF,Factor: MAZ; motif: GGGGAGGG; match class: 1,19917,4791,
query_1,TRUE,8.091457980805047e-8,4924,399,158,0.39598997493734334,0.032087733549959384,TF:M10026_1,TF,Factor: PATZ; motif: GGGGNGGGGGMKGGRRNGGNRN; match class: 1,19917,6037,
query_1,TRUE,9.802822261986138e-8,12836,399,317,0.7944862155388471,0.024696167030227485,TF:M12160,TF,Factor: KLF15; motif: RCCMCRCCCMCN,19917,4362,
query_1,TRUE,9.865212272570333e-8,10687,399,278,0.6967418546365914,0.026012912884813326,TF:M00189,TF,Factor: AP-2; motif: MKCCCSCNGGCG,19917,152,
query_1,TRUE,1.2170837066615183e-7,14779,399,349,0.87468671679198,0.023614588267135802,TF:M07289,TF,Factor: GKLF; motif: NNNRGGNGNGGSN,19917,3028,
query_1,TRUE,1.2576273301038322e-7,7781,399,220,0.5513784461152882,0.02827400077110911,TF:M04152,TF,Factor: TFAP2C; motif: NGCCCNNRGGCA,19917,8220,
query_1,TRUE,1.3317548221876677e-7,12403,399,309,0.7744360902255639,0.024913327420785294,TF:M12351,TF,Factor: TIEG1; motif: NCCCNSNCCCCGCCCCC,19917,8388,
query_1,TRUE,1.4175683055975022e-7,8274,399,230,0.5764411027568922,0.027797921198936426,TF:M09739,TF,Factor: ZGPAT; motif: GRGGCWGNGGNG,19917,8900,
query_1,TRUE,1.5120479419054904e-7,9627,399,257,0.6441102756892231,0.026695751532149165,TF:M09984,TF,Factor: MAZ; motif: GGGGGAGGGGGNGRGRRRGNRG,19917,4784,
query_1,TRUE,2.9880534389357196e-7,8085,399,225,0.5639097744360902,0.027829313543599257,TF:M12160_1,TF,Factor: KLF15; motif: RCCMCRCCCMCN; match class: 1,19917,4363,
query_1,TRUE,3.1001959776210825e-7,6207,399,185,0.46365914786967416,0.029805058804575478,TF:M01973,TF,Factor: PLAG1; motif: CCCCCKWNNNGGSCCC,19917,6342,
query_1,TRUE,5.310467402483773e-7,14202,399,338,0.8471177944862155,0.02379946486410365,TF:M09636_1,TF,Factor: MAZ; motif: GGGMGGGGSSGGGGGGGGGGGG; match class: 1,19917,4783,
query_1,TRUE,5.407007316559604e-7,7361,399,209,0.5238095238095238,0.028392881401983427,TF:M00245,TF,Factor: Egr-3; motif: NTGCGTGGGCGK,19917,1570,
query_1,TRUE,5.708436332359689e-7,10400,399,270,0.6766917293233082,0.025961538461538463,TF:M00444,TF,Factor: VDR; motif: GGGKNARNRRGGWSA,19917,8530,
query_1,TRUE,6.307013531043085e-7,5182,399,161,0.40350877192982454,0.031069085295252798,TF:M00469,TF,Factor: AP-2alpha; motif: GCCNNNRGS,19917,124,
query_1,TRUE,8.068400667288158e-7,6227,399,184,0.46115288220551376,0.029548739360847922,TF:M07436,TF,Factor: WT1; motif: NNGGGNGGGSGN,19917,8578,
query_1,TRUE,8.19946429537834e-7,2758,399,102,0.2556390977443609,0.03698332124728064,TF:M09739_1,TF,Factor: ZGPAT; motif: GRGGCWGNGGNG; match class: 1,19917,8901,
query_1,TRUE,9.30738851383561e-7,5650,399,171,0.42857142857142855,0.030265486725663718,TF:M01104_1,TF,Factor: MOVO-B; motif: GNGGGGG; match class: 1,19917,5007,
query_1,TRUE,9.716537826690277e-7,11560,399,291,0.7293233082706767,0.025173010380622838,TF:M09826,TF,Factor: BTEB3; motif: CCNNSCCNSCCCCKCCCCC,19917,598,
query_1,TRUE,1.106283038327755e-6,12848,399,314,0.7869674185463659,0.024439601494396015,TF:M08441_1,TF,Factor: AP-2gamma:Elk-1; motif: NGCCKNRGGSGRCGGAAGTG; match class: 1,19917,8209,
query_1,TRUE,1.208766171309478e-6,2777,399,102,0.2556390977443609,0.036730284479654304,TF:M01100_1,TF,Factor: LRF; motif: GGGGKYNNB; match class: 1,19917,4601,
query_1,TRUE,1.6403307549876527e-6,5599,399,169,0.42355889724310775,0.030183961421682445,TF:M04152_1,TF,Factor: TFAP2C; motif: NGCCCNNRGGCA; match class: 1,19917,8221,
query_1,TRUE,1.7644974742041487e-6,2413,399,92,0.23057644110275688,0.03812681309573145,TF:M01973_1,TF,Factor: PLAG1; motif: CCCCCKWNNNGGSCCC; match class: 1,19917,6343,
query_1,TRUE,1.8408571717815941e-6,14054,399,334,0.8370927318295739,0.02376547602106162,TF:M08487,TF,Factor: GCMa:Erg; motif: ATGCGGGCGGAARKG,19917,2904,
query_1,TRUE,1.9060702344408115e-6,7597,399,212,0.531328320802005,0.027905752270633143,TF:M01100,TF,Factor: LRF; motif: GGGGKYNNB,19917,4600,
query_1,TRUE,1.9847107263522352e-6,8768,399,236,0.5914786967418546,0.026916058394160582,TF:M10112,TF,Factor: Miz-1; motif: NNRGGWGGGGGAGGGGMRR,19917,4976,
query_1,TRUE,2.0038722351415606e-6,2686,399,99,0.24812030075187969,0.036857781087118395,TF:M10107_1,TF,Factor: DB1; motif: GGRRRRGRRGGAGGGGGNGRRR; match class: 1,19917,1139,
query_1,TRUE,2.026117717734188e-6,10500,399,270,0.6766917293233082,0.025714285714285714,TF:M00695,TF,Factor: ETF; motif: GVGGMGG,19917,2068,
query_1,TRUE,2.046006986602179e-6,10922,399,278,0.6967418546365914,0.02545321369712507,TF:M09973,TF,Factor: CPBP; motif: GNNRGGGHGGGGNNGGGRN,19917,900,
query_1,TRUE,2.0525121907148228e-6,3931,399,130,0.3258145363408521,0.03307046553039939,TF:M07226_1,TF,Factor: SP1; motif: NCCCCKCCCCC; match class: 1,19917,7493,
query_1,TRUE,2.1555380072085656e-6,7991,399,220,0.5513784461152882,0.02753097234388687,TF:M00450_1,TF,Factor: Zic3; motif: NGGGKGGTC; match class: 1,19917,8915,
query_1,TRUE,2.3228134944106666e-6,5489,399,166,0.41604010025062654,0.03024230278739297,TF:M01837,TF,Factor: FKLF; motif: BGGGNGGVMD,19917,2314,
query_1,TRUE,2.7374570746213867e-6,5949,399,176,0.44110275689223055,0.02958480416876786,TF:M00196_1,TF,Factor: Sp1; motif: NGGGGGCGGGGYN; match class: 1,19917,7513,
query_1,TRUE,2.743601018077064e-6,16527,399,372,0.9323308270676691,0.022508622254492648,TF:M07039,TF,Factor: ETF; motif: CCCCGCCCCYN,19917,2070,
query_1,TRUE,2.761080345902379e-6,6869,399,196,0.49122807017543857,0.02853399330324647,TF:M01118,TF,Factor: WT1; motif: SMCNCCNSC,19917,8580,
query_1,TRUE,2.856119272526945e-6,5637,399,169,0.42355889724310775,0.029980486074152917,TF:M00470_1,TF,Factor: AP-2gamma; motif: GCCYNNGGS; match class: 1,19917,137,
query_1,TRUE,2.9145823388596975e-6,10217,399,264,0.6616541353383458,0.025839287462073014,TF:M09723,TF,Factor: BTEB1; motif: GGGGGCGGGGCNGSGGGNGS,19917,584,
query_1,TRUE,3.517996431028469e-6,10336,399,266,0.6666666666666666,0.025735294117647058,TF:M01104,TF,Factor: MOVO-B; motif: GNGGGGG,19917,5006,
query_1,TRUE,4.0072303365935095e-6,6295,399,183,0.45864661654135336,0.029070691024622716,TF:M09734_1,TF,Factor: ZNF692; motif: SYNGGSCCCASCCNC; match class: 1,19917,10499,
query_1,TRUE,4.436676008408346e-6,6998,399,198,0.49624060150375937,0.028293798228065162,TF:M09834,TF,Factor: ZNF148; motif: NNNNNNCCNNCCCCTCCCCCACCCN,19917,9050,
query_1,TRUE,4.972988772907397e-6,7527,399,209,0.5238095238095238,0.027766706523183207,TF:M08878,TF,Factor: EGR; motif: CGCCCCCGCNN,19917,1590,
query_1,TRUE,5.882843510802514e-6,2740,399,99,0.24812030075187969,0.03613138686131387,TF:M03932,TF,Factor: ZIC4; motif: GRCCCCCCGCNGNGN,19917,8922,
query_1,TRUE,5.934790878159737e-6,7067,399,199,0.49874686716791977,0.02815904910145748,TF:M00695_1,TF,Factor: ETF; motif: GVGGMGG; match class: 1,19917,2069,
query_1,TRUE,6.034786752559127e-6,9407,399,247,0.6190476190476191,0.026257042627830338,TF:M00649,TF,Factor: MAZ; motif: GGGGAGGG,19917,4790,
query_1,TRUE,6.041427341515658e-6,6648,399,190,0.47619047619047616,0.028580024067388687,TF:M09973_1,TF,Factor: CPBP; motif: GNNRGGGHGGGGNNGGGRN; match class: 1,19917,901,
query_1,TRUE,6.472071684175086e-6,6376,399,184,0.46115288220551376,0.028858218318695106,TF:M07395_1,TF,Factor: Sp1; motif: NGGGGCGGGGN; match class: 1,19917,7507,
query_1,TRUE,7.165033861558328e-6,7460,399,207,0.518796992481203,0.02774798927613941,TF:M01858,TF,Factor: AP-2beta; motif: GCNNNGGSCNGVGGGN,19917,134,
query_1,TRUE,7.461947297873141e-6,9223,399,243,0.6090225563909775,0.026347175539412338,TF:M01857,TF,Factor: AP-2alpha; motif: NGCCYSNNGSN,19917,132,
query_1,TRUE,7.887016388303652e-6,5934,399,174,0.43609022556390975,0.029322548028311426,TF:M00931_1,TF,Factor: Sp1; motif: GGGGCGGGGC; match class: 1,19917,7515,
query_1,TRUE,8.250584659053529e-6,14592,399,341,0.85463659147869675,0.023368969298245616,TF:M11529_1,TF,Factor: E2F-2; motif: GCGCGCGCNCS; match class: 1,19917,1403,
query_1,TRUE,8.59566118392966e-6,8539,399,229,0.5739348370927319,0.026818128586485537,TF:M07277,TF,Factor: BTEB2; motif: RGGGNGKGGN,19917,596,
query_1,TRUE,8.625520887925735e-6,6582,399,188,0.47117794486215536,0.028562746885445155,TF:M04146,TF,Factor: TFAP2A; motif: YGCCCNNRGGCN,19917,8176,
query_1,TRUE,8.633109596430025e-6,7190,399,201,0.5037593984962406,0.02795549374130737,TF:M07397,TF,Factor: ZBP89; motif: CCCCKCCCCCNN,19917,8662,
query_1,TRUE,9.229702718909152e-6,2881,399,102,0.2556390977443609,0.03540437348143006,TF:M10108_1,TF,Factor: WT1; motif: RGGNGGGGGAGGRGGNGGRG; match class: 1,19917,8577,
query_1,TRUE,1.0128607883814063e-5,16407,399,369,0.924812030075188,0.022490400438837082,TF:M11529,TF,Factor: E2F-2; motif: GCGCGCGCNCS,19917,1402,
query_1,TRUE,1.0371747287379015e-5,3531,399,118,0.2957393483709273,0.03341829510053809,TF:M00982_1,TF,Factor: KROX; motif: CCCGCCCCCRCCCC; match class: 1,19917,4419,
query_1,TRUE,1.1906011756382249e-5,5648,399,167,0.41854636591478694,0.029567988668555242,TF:M12354_1,TF,Factor: ZNF37A; motif: CCYYGGCTCCNTSCCMN; match class: 1,19917,9617,
query_1,TRUE,1.1965874334167961e-5,9666,399,251,0.6290726817042607,0.02596730809021312,TF:M04148_1,TF,Factor: TFAP2A; motif: NGCCCYNNGGGCN; match class: 1,19917,8181,
query_1,TRUE,1.4467874836863993e-5,7183,399,200,0.5012531328320802,0.027843519420854796,TF:M02023,TF,Factor: MAZ; motif: NKGGGAGGGGRGGR,19917,4792,
query_1,TRUE,1.5559633301240193e-5,8440,399,226,0.5664160401002506,0.026777251184834122,TF:M10026,TF,Factor: PATZ; motif: GGGGNGGGGGMKGGRRNGGNRN,19917,6036,
query_1,TRUE,1.766137462897045e-5,11153,399,279,0.6992481203007519,0.025015690845512417,TF:M11601_1,TF,Factor: TCF-1; motif: ACATCGRGRCGCTGW; match class: 1,19917,8039,
query_1,TRUE,1.7706466988882737e-5,10108,399,259,0.6491228070175439,0.025623268698060944,TF:M04148,TF,Factor: TFAP2A; motif: NGCCCYNNGGGCN,19917,8180,
query_1,TRUE,1.9455159877629066e-5,8853,399,234,0.5864661654135338,0.02643171806167401,TF:M08487_1,TF,Factor: GCMa:Erg; motif: ATGCGGGCGGAARKG; match class: 1,19917,2905,
query_1,TRUE,2.189806048801007e-5,2382,399,88,0.22055137844611528,0.036943744752308987,TF:M00245_1,TF,Factor: Egr-3; motif: NTGCGTGGGCGK; match class: 1,19917,1571,
query_1,TRUE,2.250907765347372e-5,5875,399,171,0.42857142857142855,0.029106382978723404,TF:M10107,TF,Factor: DB1; motif: GGRRRRGRRGGAGGGGGNGRRR,19917,1138,
query_1,TRUE,2.3040613055206826e-5,9772,399,252,0.631578947368421,0.025787965616045846,TF:M00933,TF,Factor: Sp1; motif: CCCCGCCCCN,19917,7504,
query_1,TRUE,2.4595045976583388e-5,2123,399,81,0.20300751879699247,0.038153556288271315,TF:M10151,TF,Factor: EZI; motif: GGGGAGGGGRRGGRGRRGGRRR,19917,2270,
query_1,TRUE,2.573681367283257e-5,10502,399,266,0.6666666666666666,0.025328508855456105,TF:M08205_1,TF,Factor: E2F-1:Elk-1; motif: SGCGCSNNAMCGGAAGT; match class: 1,19917,1365,
query_1,TRUE,2.6232732787537324e-5,6114,399,176,0.44110275689223055,0.028786391887471376,TF:M00189_1,TF,Factor: AP-2; motif: MKCCCSCNGGCG; match class: 1,19917,153,
query_1,TRUE,2.7055506055784572e-5,8831,399,233,0.5839598997493735,0.026384327935681122,TF:M07461,TF,Factor: KLF; motif: GGGNGGGG,19917,4410,
query_1,TRUE,2.9025182241924114e-5,6076,399,175,0.43859649122807015,0.02880184331797235,TF:M00932_1,TF,Factor: Sp1; motif: NNGGGGCGGGGNN; match class: 1,19917,7511,
query_1,TRUE,3.1341675598764206e-5,10571,399,267,0.6691729323308271,0.025257780720840034,TF:M10072,TF,Factor: sp4; motif: NNGNARGRGGCGGRGCNNRR,19917,7550,
query_1,TRUE,3.1390789568266816e-5,14041,399,330,0.8270676691729323,0.023502599529948008,TF:M09894_1,TF,Factor: E2F-4; motif: SNGGGCGGGAANN; match class: 1,19917,1443,
query_1,TRUE,3.152899194350083e-5,7866,399,213,0.5338345864661654,0.02707856598016781,TF:M00982,TF,Factor: KROX; motif: CCCGCCCCCRCCCC,19917,4418,
query_1,TRUE,3.2171655134043736e-5,4572,399,141,0.3533834586466165,0.03083989501312336,TF:M00915_1,TF,Factor: AP-2; motif: SNNNCCNCAGGCN; match class: 1,19917,155,
query_1,TRUE,3.242600896724548e-5,8550,399,227,0.568922305764411,0.02654970760233918,TF:M10071,TF,Factor: Sp1; motif: NGGGGGCGGGGCCNGGGGGGGG,19917,7496,
query_1,TRUE,3.28919403253206e-5,13293,399,317,0.7944862155388471,0.02384713759121342,TF:M11603_1,TF,Factor: TCF-1; motif: ACATCGRGRCGCTGW; match class: 1,19917,8043,
query_1,TRUE,3.761922354552073e-5,7354,399,202,0.506265664160401,0.027468044601577372,TF:M01175,TF,Factor: CKROX; motif: SCCCTCCCC,19917,808,
query_1,TRUE,3.9469131796066524e-5,6933,399,193,0.48370927318295737,0.02783787682100101,TF:M10529,TF,Factor: Sp1; motif: RGGGMGGRGSNGGGG,19917,7498,
query_1,TRUE,4.3297807682456326e-5,10599,399,267,0.6691729323308271,0.025191055759977356,TF:M00257,TF,Factor: RREB-1; motif: CCCCAAACMMCCCC,19917,7014,
query_1,TRUE,4.54054801859901e-5,5165,399,154,0.38596491228070173,0.029816069699903195,TF:M03814,TF,Factor: BTEB2; motif: GNAGGGGGNGGGSSNN,19917,594,
query_1,TRUE,4.898401264117294e-5,8931,399,234,0.5864661654135338,0.026200873362445413,TF:M06948,TF,Factor: Sp2; motif: TGGGCGCGCCCA,19917,7522,
query_1,TRUE,5.0480343679789994e-5,6210,399,177,0.44360902255639095,0.028502415458937197,TF:M04617,TF,Factor: LRF; motif: NGNAGNGGGTYN,19917,4604,
query_1,TRUE,5.198928913387421e-5,7428,399,203,0.5087719298245614,0.027329025309639203,TF:M04595_1,TF,Factor: SALL2; motif: GGGTGGG; match class: 1,19917,7103,
query_1,TRUE,5.2932955902695866e-5,3138,399,106,0.2656641604010025,0.033779477374123644,TF:M02023_1,TF,Factor: MAZ; motif: NKGGGAGGGGRGGR; match class: 1,19917,4793,
query_1,TRUE,6.061077855945872e-5,5543,399,162,0.40601503759398494,0.029226050874977448,TF:M05327,TF,Factor: WT1; motif: NGCGGGGGGGTSMMCYN,19917,8574,
query_1,TRUE,6.415433381838635e-5,13123,399,313,0.7844611528822055,0.023851253524346566,TF:M04595,TF,Factor: SALL2; motif: GGGTGGG,19917,7102,
query_1,TRUE,6.701590563517465e-5,10120,399,257,0.6441102756892231,0.025395256916996047,TF:M08867,TF,Factor: AP2; motif: GCCYGSGGSN,19917,150,
query_1,TRUE,7.212780426775811e-5,7935,399,213,0.5338345864661654,0.026843100189035917,TF:M01303,TF,Factor: SP1; motif: GGGGYGGGGNS,19917,7484,
query_1,TRUE,8.042853324854125e-5,8333,399,221,0.5538847117794486,0.026521060842433698,TF:M07226,TF,Factor: SP1; motif: NCCCCKCCCCC,19917,7492,
query_1,TRUE,8.30622698404913e-5,12809,399,307,0.7694235588972431,0.023967522835506284,TF:M07040,TF,Factor: GKLF; motif: NNRRGRRNGNSNNN,19917,3026,
query_1,TRUE,8.940063026641723e-5,4169,399,130,0.3258145363408521,0.031182537778843847,TF:M07277_1,TF,Factor: BTEB2; motif: RGGGNGKGGN; match class: 1,19917,597,
query_1,TRUE,9.622767163298194e-5,13271,399,315,0.7894736842105263,0.023735965639364028,TF:M02089,TF,Factor: E2F-3; motif: GGCGGGN,19917,1428,
query_1,TRUE,9.628053433995399e-5,5578,399,162,0.40601503759398494,0.029042667622803872,TF:M12345,TF,Factor: Zbtb37; motif: NYACCGCRNTCACCGCR,19917,8714,
query_1,TRUE,1.0648986251303451e-4,9248,399,239,0.5989974937343359,0.025843425605536333,TF:M09892_1,TF,Factor: E2F-1; motif: NNNNGGCGGGAARN; match class: 1,19917,1377,
query_1,TRUE,1.1264849101119581e-4,10945,399,272,0.681704260651629,0.02485153037916857,TF:M07084,TF,Factor: E2F-4; motif: NGGCGGGAARN,19917,1440,
query_1,TRUE,1.1267760808724464e-4,7780,399,209,0.5238095238095238,0.02686375321336761,TF:M10491_1,TF,Factor: ZNF586; motif: CAGGCCYRGAGG; match class: 1,19917,10215,
query_1,TRUE,1.2301936075072005e-4,9867,399,251,0.6290726817042607,0.025438329786155872,TF:M07261,TF,Factor: LKLF; motif: GGGGTGGKSN,19917,4572,
query_1,TRUE,1.2586833027961362e-4,2987,399,101,0.2531328320802005,0.03381319049213258,TF:M07297,TF,Factor: MAZ; motif: CCCTCCCYCYN,19917,4788,
query_1,TRUE,1.2830610531649062e-4,16656,399,370,0.9273182957393483,0.022214217098943324,TF:M01240,TF,Factor: BEN; motif: CAGCGRNV,19917,480,
query_1,TRUE,1.3335572745182397e-4,6518,399,182,0.45614035087719296,0.027922675667382633,TF:M02281,TF,Factor: SP1; motif: CCCCKCCCCC,19917,7486,
query_1,TRUE,1.3870148037129688e-4,3817,399,121,0.3032581453634085,0.03170028818443804,TF:M04146_1,TF,Factor: TFAP2A; motif: YGCCCNNRGGCN; match class: 1,19917,8177,
query_1,TRUE,1.5133067662517945e-4,14705,399,339,0.849624060150376,0.02305338320299218,TF:M07206,TF,Factor: E2F-1; motif: NGGGCGGGARV,19917,1374,
query_1,TRUE,1.6059928191488378e-4,2761,399,95,0.23809523809523808,0.034407823252444764,TF:M01778,TF,Factor: PLAG1; motif: GRGGCNNHNNNRRGGG,19917,6340,
query_1,TRUE,1.655771325793729e-4,4513,399,137,0.3433583959899749,0.030356747174828273,TF:M00257_1,TF,Factor: RREB-1; motif: CCCCAAACMMCCCC; match class: 1,19917,7015,
query_1,TRUE,1.675155716963038e-4,4212,399,130,0.3258145363408521,0.030864197530864196,TF:M09862_1,TF,Factor: ZNF614; motif: NCYCWGCCYYNNN; match class: 1,19917,10293,
query_1,TRUE,1.6781866297443845e-4,8544,399,224,0.5614035087719298,0.026217228464419477,TF:M09890,TF,Factor: ctcf; motif: YGGCCACCAGRKGGCRSYN,19917,1094,
query_1,TRUE,1.774624824257508e-4,16345,399,365,0.9147869674185464,0.0223309880697461,TF:M09894,TF,Factor: E2F-4; motif: SNGGGCGGGAANN,19917,1442,
query_1,TRUE,1.8013898172315737e-4,6265,399,176,0.44110275689223055,0.028092577813248205,TF:M00246,TF,Factor: Egr-2; motif: NTGCGTRGGCGK,19917,1554,
query_1,TRUE,1.8262575490622304e-4,4218,399,130,0.3258145363408521,0.030820293978188716,TF:M03807_1,TF,Factor: SP2; motif: GNNGGGGGCGGGGSN; match class: 1,19917,7537,
query_1,TRUE,2.1003249894873134e-4,3180,399,105,0.2631578947368421,0.0330188679245283,TF:M09968,TF,Factor: KLF15; motif: RGGGMGGRGNNGGGGGNGG,19917,4354,
query_1,TRUE,2.341054884771924e-4,4625,399,139,0.3483709273182957,0.030054054054054053,TF:M01857_1,TF,Factor: AP-2alpha; motif: NGCCYSNNGSN; match class: 1,19917,133,
query_1,TRUE,2.439505212670181e-4,9172,399,236,0.5914786967418546,0.02573048408198866,TF:M00800,TF,Factor: AP-2; motif: GSCCSCRGGCNRNRNN,19917,148,
query_1,TRUE,2.6086470956313565e-4,4243,399,130,0.3258145363408521,0.03063869903370257,TF:M01865_1,TF,Factor: BTEB3; motif: BNRNGGGAGGNGT; match class: 1,19917,609,
query_1,TRUE,2.665959449312541e-4,9683,399,246,0.6165413533834586,0.025405349581741198,TF:M00915,TF,Factor: AP-2; motif: SNNNCCNCAGGCN,19917,154,
query_1,TRUE,2.8151772062286353e-4,16380,399,365,0.9147869674185464,0.022283272283272284,TF:M09636,TF,Factor: MAZ; motif: GGGMGGGGSSGGGGGGGGGGGG,19917,4782,
query_1,TRUE,2.928675032396776e-4,9389,399,240,0.6015037593984962,0.025561827670678453,TF:M10426,TF,Factor: ctcf; motif: CCRSCAGGGGGCGCN,19917,1096,
query_1,TRUE,3.0323196178793494e-4,1612,399,64,0.16040100250626566,0.03970223325062035,TF:M00246_1,TF,Factor: Egr-2; motif: NTGCGTRGGCGK; match class: 1,19917,1555,
query_1,TRUE,3.085394643502553e-4,4558,399,137,0.3433583959899749,0.030057042562527423,TF:M00444_1,TF,Factor: VDR; motif: GGGKNARNRRGGWSA; match class: 1,19917,8531,
query_1,TRUE,3.5287081523011516e-4,3627,399,115,0.2882205513784461,0.03170664460987042,TF:M03567_1,TF,Factor: Sp2; motif: NYSGCCCCGCCCCCY; match class: 1,19917,7535,
query_1,TRUE,3.540062263485573e-4,6739,399,185,0.46365914786967416,0.02745214423504971,TF:M11482,TF,Factor: AP-2gamma; motif: NSCCYNNRGSN,19917,8232,
query_1,TRUE,3.7315877006043676e-4,7357,399,198,0.49624060150375937,0.02691314394454261,TF:M04811,TF,Factor: RelA-p65; motif: BCWGGGRANNK,19917,6822,
query_1,TRUE,3.7695527389263703e-4,2891,399,97,0.24310776942355888,0.033552404012452436,TF:M09834_1,TF,Factor: ZNF148; motif: NNNNNNCCNNCCCCTCCCCCACCCN; match class: 1,19917,9051,
query_1,TRUE,3.988805891630721e-4,7842,399,208,0.5213032581453634,0.026523845957663862,TF:M07354,TF,Factor: Egr-1; motif: GCGGGGGCGG,19917,1550,
query_1,TRUE,4.035830204839514e-4,9168,399,235,0.5889724310776943,0.025632635253054103,TF:M08911,TF,Factor: CTCF; motif: NCCRSTAGGGGGCGC,19917,1086,
query_1,TRUE,4.2097673496804914e-4,13289,399,313,0.7844611528822055,0.02355331477161562,TF:M00803,TF,Factor: E2F; motif: GGCGSG,19917,1476,
query_1,TRUE,4.7473118047771084e-4,9283,399,237,0.5939849624060151,0.025530539696218896,TF:M09972,TF,Factor: BTEB2; motif: WGGGTGKGGCNGGN,19917,588,
query_1,TRUE,5.151467155378433e-4,4335,399,131,0.3283208020050125,0.03021914648212226,TF:M01199_1,TF,Factor: RNF96; motif: BCCCGCRGCC; match class: 1,19917,6971,
query_1,TRUE,5.200363348762301e-4,11033,399,271,0.6791979949874687,0.024562675609535033,TF:M12354,TF,Factor: ZNF37A; motif: CCYYGGCTCCNTSCCMN,19917,9616,
query_1,TRUE,5.322718788877633e-4,2791,399,94,0.23558897243107768,0.03367968470082408,TF:M01118_1,TF,Factor: WT1; motif: SMCNCCNSC; match class: 1,19917,8581,
query_1,TRUE,5.506196427245127e-4,3573,399,113,0.2832080200501253,0.03162608452280996,TF:M07354_1,TF,Factor: Egr-1; motif: GCGGGGGCGG; match class: 1,19917,1551,
query_1,TRUE,5.956989193849424e-4,2838,399,95,0.23809523809523808,0.033474277660324174,TF:M10529_1,TF,Factor: Sp1; motif: RGGGMGGRGSNGGGG; match class: 1,19917,7499,
query_1,TRUE,5.971156072636379e-4,6272,399,174,0.43609022556390975,0.02774234693877551,TF:M10072_1,TF,Factor: sp4; motif: NNGNARGRGGCGGRGCNNRR; match class: 1,19917,7551,
query_1,TRUE,6.745086194583795e-4,4096,399,125,0.3132832080200501,0.030517578125,TF:M10112_1,TF,Factor: Miz-1; motif: NNRGGWGGGGGAGGGGMRR; match class: 1,19917,4977,
query_1,TRUE,6.889816770701279e-4,13334,399,313,0.7844611528822055,0.023473826308684567,TF:M01240_1,TF,Factor: BEN; motif: CAGCGRNV; match class: 1,19917,481,
query_1,TRUE,7.483967990578977e-4,8336,399,217,0.543859649122807,0.026031669865642995,TF:M03893,TF,Factor: WT1; motif: GNGGGGGCGGGG,19917,8584,
query_1,TRUE,7.524177174769042e-4,6851,399,186,0.46616541353383456,0.027149321266968326,TF:M07329,TF,Factor: Osx; motif: CCNCCCCCNNN,19917,5942,
query_1,TRUE,7.964813524583626e-4,6856,399,186,0.46616541353383456,0.027129521586931157,TF:M01219,TF,Factor: SP1:SP3; motif: CCSCCCCCYCC,19917,7480,
query_1,TRUE,8.186214848738743e-4,4110,399,125,0.3132832080200501,0.030413625304136254,TF:M07261_1,TF,Factor: LKLF; motif: GGGGTGGKSN; match class: 1,19917,4573,
query_1,TRUE,9.09635866050444e-4,10721,399,264,0.6616541353383458,0.02462456860367503,TF:M07395,TF,Factor: Sp1; motif: NGGGGCGGGGN,19917,7506,
query_1,TRUE,9.894389763062171e-4,1703,399,65,0.16290726817042606,0.03816793893129771,TF:M12345_1,TF,Factor: Zbtb37; motif: NYACCGCRNTCACCGCR; match class: 1,19917,8715,
query_1,TRUE,0.0010163787490200236,3997,399,122,0.3057644110275689,0.030522892169126844,TF:M03893_1,TF,Factor: WT1; motif: GNGGGGGCGGGG; match class: 1,19917,8585,
query_1,TRUE,0.0010761557266358282,9160,399,233,0.5839598997493735,0.025436681222707425,TF:M03876_1,TF,Factor: Kaiso; motif: GCMGGGRGCRGS; match class: 1,19917,4337,
query_1,TRUE,0.0010882426517587662,17225,399,376,0.9423558897243107,0.021828737300435413,TF:M08207,TF,Factor: E2F-3:TBR2; motif: ANGTGYKANGGCGCSTTNNCRNNT,19917,1410,
query_1,TRUE,0.0010940324877431466,10947,399,268,0.6716791979949874,0.02448159313053805,TF:M07206_1,TF,Factor: E2F-1; motif: NGGGCGGGARV; match class: 1,19917,1375,
query_1,TRUE,0.0011957516274617437,6845,399,185,0.46365914786967416,0.02702702702702703,TF:M07615,TF,Factor: Sp3; motif: GGGGCGGGGSNN,19917,7546,
query_1,TRUE,0.0012122449682708785,10490,399,259,0.6491228070175439,0.02469018112488084,TF:M00932,TF,Factor: Sp1; motif: NNGGGGCGGGGNN,19917,7510,
query_1,TRUE,0.0012636628997854192,5197,399,149,0.37343358395989973,0.02867038676159323,TF:M08905,TF,Factor: TIEG1; motif: GGSGGKGNNN,19917,8390,
query_1,TRUE,0.001305558483268928,8535,399,220,0.5513784461152882,0.025776215582893967,TF:M01199,TF,Factor: RNF96; motif: BCCCGCRGCC,19917,6970,
query_1,TRUE,0.0013233286148709293,15130,399,343,0.8596491228070176,0.02267019167217449,TF:M08526_1,TF,Factor: E2F-3:HES-7; motif: NNNSGCGCSNNNNNCRCGYGNN; match class: 1,19917,1417,
query_1,TRUE,0.0013629712056511172,16373,399,363,0.9097744360902256,0.022170646796555303,TF:M10438,TF,Factor: ZF5; motif: GGSGCGCGS,19917,8794,
query_1,TRUE,0.0014489032709507075,5253,399,150,0.37593984962406013,0.028555111364934323,TF:M12057,TF,Factor: ZBP99; motif: GCCCMTCCCCCR,19917,8834,
query_1,TRUE,0.0016372587022551515,5308,399,151,0.37844611528822053,0.028447626224566692,TF:M02036_1,TF,Factor: WT1; motif: CGCCCCCNCN; match class: 1,19917,8583,
query_1,TRUE,0.001652650898167168,6221,399,171,0.42857142857142855,0.02748754219578846,TF:M07208,TF,Factor: EGR1; motif: NCNCCGCCCCCGCN,19917,1538,
query_1,TRUE,0.0016615170435319722,9603,399,241,0.6040100250626567,0.02509632406539623,TF:M09910,TF,Factor: ER-beta; motif: RGGTCASCNTGMCCY,19917,2018,
query_1,TRUE,0.0016937717051641091,2225,399,78,0.19548872180451127,0.0350561797752809,TF:M12313_1,TF,Factor: ZNF460; motif: NNACNCCCCCCNN; match class: 1,19917,9849,
query_1,TRUE,0.0017045092248751735,2109,399,75,0.18796992481203006,0.03556187766714083,TF:M03896_1,TF,Factor: EGR1; motif: NACGCCCACGCANW; match class: 1,19917,1529,
query_1,TRUE,0.0017471612068850977,7736,399,203,0.5087719298245614,0.02624095139607032,TF:M10435,TF,Factor: Sp2; motif: GGGGCGGGG,19917,7528,
query_1,TRUE,0.0017471612068850977,7736,399,203,0.5087719298245614,0.02624095139607032,TF:M07063,TF,Factor: Sp1; motif: GGGGCGGGGC,19917,7508,
query_1,TRUE,0.0017779703135654774,3235,399,103,0.2581453634085213,0.03183925811437403,TF:M08878_1,TF,Factor: EGR; motif: CGCCCCCGCNN; match class: 1,19917,1591,
query_1,TRUE,0.00188625157143933,5591,399,157,0.39348370927318294,0.02808084421391522,TF:M04950_1,TF,Factor: Egr-1; motif: NGCGTGCGY; match class: 1,19917,1537,
query_1,TRUE,0.0020550334709222894,13661,399,317,0.7944862155388471,0.023204743430202766,TF:M09892,TF,Factor: E2F-1; motif: NNNNGGCGGGAARN,19917,1376,
query_1,TRUE,0.0020644686786826264,15410,399,347,0.8696741854636592,0.022517845554834524,TF:M08525_1,TF,Factor: E2F-1:HES-7; motif: GGCRCGTGSYNNWNGGCGCSM; match class: 1,19917,1369,
query_1,TRUE,0.0021791225065702744,5877,399,163,0.40852130325814534,0.027735239067551473,TF:M12313,TF,Factor: ZNF460; motif: NNACNCCCCCCNN,19917,9848,
query_1,TRUE,0.0023162215601734756,5202,399,148,0.37092731829573933,0.028450595924644367,TF:M08867_1,TF,Factor: AP2; motif: GCCYGSGGSN; match class: 1,19917,151,
query_1,TRUE,0.002475435356414954,14133,399,325,0.8145363408521303,0.022995825373239936,TF:M00450,TF,Factor: Zic3; motif: NGGGKGGTC,19917,8914,
query_1,TRUE,0.0025754116103736267,5391,399,152,0.38095238095238093,0.02819514004822853,TF:M12140,TF,Factor: Egr-1; motif: NNCRCCCMCGCNN,19917,1548,
query_1,TRUE,0.002633199987575763,3513,399,109,0.2731829573934837,0.03102761172786792,TF:M07063_1,TF,Factor: Sp1; motif: GGGGCGGGGC; match class: 1,19917,7509,
query_1,TRUE,0.002633199987575763,3513,399,109,0.2731829573934837,0.03102761172786792,TF:M10435_1,TF,Factor: Sp2; motif: GGGGCGGGG; match class: 1,19917,7529,
query_1,TRUE,0.0027682783586083174,6406,399,174,0.43609022556390975,0.027162035591632844,TF:M07041_1,TF,Factor: HDAC1; motif: KGCARGGTC; match class: 1,19917,3171,
query_1,TRUE,0.0028626859609165133,4641,399,135,0.3383458646616541,0.029088558500323207,TF:M10071_1,TF,Factor: Sp1; motif: NGGGGGCGGGGCCNGGGGGGGG; match class: 1,19917,7497,
query_1,TRUE,0.00293719978112227,6041,399,166,0.41604010025062654,0.027478894222810794,TF:M12158_1,TF,Factor: KLF15; motif: NCCMCGCCCMCN; match class: 1,19917,4359,
query_1,TRUE,0.0031420873495454477,2902,399,94,0.23558897243107768,0.03239145416953825,TF:M07615_1,TF,Factor: Sp3; motif: GGGGCGGGGSNN; match class: 1,19917,7547,
query_1,TRUE,0.003152538317212183,8620,399,220,0.5513784461152882,0.025522041763341066,TF:M04863_1,TF,Factor: TF3C-beta; motif: CCNGGAGGGCTTCCTGGAGGAG; match class: 1,19917,3159,
query_1,TRUE,0.003291242687381493,6749,399,181,0.45363408521303256,0.02681878796858794,TF:M07249,TF,Factor: ctcf; motif: CCNCNAGRKGGCRSTN,19917,1098,
query_1,TRUE,0.0033320775857976163,3956,399,119,0.2982456140350877,0.03008088978766431,TF:M08911_1,TF,Factor: CTCF; motif: NCCRSTAGGGGGCGC; match class: 1,19917,1087,
query_1,TRUE,0.003654771492985264,18272,399,389,0.974937343358396,0.02128940455341506,TF:M04934,TF,Factor: TR4; motif: ACCCCGS,19917,5676,
query_1,TRUE,0.003724310336514802,10344,399,254,0.6365914786967418,0.024555297757153906,TF:M00931,TF,Factor: Sp1; motif: GGGGCGGGGC,19917,7514,
query_1,TRUE,0.0037699569318540046,10294,399,253,0.6340852130325815,0.024577423741985623,TF:M00803_1,TF,Factor: E2F; motif: GGCGSG; match class: 1,19917,1477,
query_1,TRUE,0.0037723572885823473,14230,399,326,0.8170426065162907,0.022909346451159524,TF:M00716_1,TF,Factor: ZF5; motif: GSGCGCGR; match class: 1,19917,8791,
query_1,TRUE,0.0038373467443933267,1846,399,67,0.16791979949874686,0.03629469122426869,TF:M04811_1,TF,Factor: RelA-p65; motif: BCWGGGRANNK; match class: 1,19917,6823,
query_1,TRUE,0.004055039255194019,12512,399,295,0.7393483709273183,0.023577365728900256,TF:M00333_1,TF,Factor: ZF5; motif: NRNGNGCGCGCWN; match class: 1,19917,8801,
query_1,TRUE,0.00413768604414679,7770,399,202,0.506265664160401,0.025997425997425997,TF:M09970,TF,Factor: KLF3; motif: NNNNNNGGGCGGGGCNNGN,19917,4380,
query_1,TRUE,0.004211898512527133,15594,399,349,0.87468671679198,0.022380402718994486,TF:M04934_1,TF,Factor: TR4; motif: ACCCCGS; match class: 1,19917,5677,
query_1,TRUE,0.004536417883318034,13737,399,317,0.7944862155388471,0.02307636310693747,TF:M03876,TF,Factor: Kaiso; motif: GCMGGGRGCRGS,19917,4336,
query_1,TRUE,0.004932494035404822,2973,399,95,0.23809523809523808,0.03195425496131853,TF:M07397_1,TF,Factor: ZBP89; motif: CCCCKCCCCCNN; match class: 1,19917,8663,
query_1,TRUE,0.00524633725504271,12268,399,290,0.7268170426065163,0.02363873492011738,TF:M08523,TF,Factor: E2F-1:TBR2; motif: NGGTGNNANGGCGCNNTNNCRNNN,19917,1366,
query_1,TRUE,0.005315181329868673,12431,399,293,0.7343358395989975,0.023570106990588046,TF:M11531_1,TF,Factor: E2F-2; motif: GCGCGCGCGYW; match class: 1,19917,1407,
query_1,TRUE,0.005337539411708603,1026,399,44,0.11027568922305764,0.042884990253411304,TF:M08905_1,TF,Factor: TIEG1; motif: GGSGGKGNNN; match class: 1,19917,8391,
query_1,TRUE,0.005646265473399638,14964,399,338,0.8471177944862155,0.022587543437583534,TF:M11601,TF,Factor: TCF-1; motif: ACATCGRGRCGCTGW,19917,8038,
query_1,TRUE,0.005773875781740496,11165,399,269,0.6741854636591479,0.024093148231079265,TF:M12158,TF,Factor: KLF15; motif: NCCMCGCCCMCN,19917,4358,
query_1,TRUE,0.0060383481671409485,7952,399,205,0.5137844611528822,0.02577967806841046,TF:M05386,TF,Factor: KLF17; motif: NGGGCGG,19917,4372,
query_1,TRUE,0.0060383481671409485,7952,399,205,0.5137844611528822,0.02577967806841046,TF:M05499,TF,Factor: LKLF; motif: NGGGCGG,19917,4566,
query_1,TRUE,0.006415099083754052,6297,399,170,0.42606516290726815,0.026996982690169924,TF:M07129,TF,Factor: Sp2; motif: GYCCCGCCYCYNNNN,19917,7524,
query_1,TRUE,0.0066568358742589125,2424,399,81,0.20300751879699247,0.03341584158415842,TF:M07436_1,TF,Factor: WT1; motif: NNGGGNGGGSGN; match class: 1,19917,8579,
query_1,TRUE,0.006699913150062848,17224,399,374,0.9373433583959899,0.02171388759869949,TF:M08525,TF,Factor: E2F-1:HES-7; motif: GGCRCGTGSYNNWNGGCGCSM,19917,1368,
query_1,TRUE,0.00677789584671194,6864,399,182,0.45614035087719296,0.026515151515151516,TF:M12151,TF,Factor: Sp1; motif: NWRGCCMCGCCCMCN,19917,7500,
query_1,TRUE,0.006789017484905131,10303,399,252,0.631578947368421,0.02445889546733961,TF:M00196,TF,Factor: Sp1; motif: NGGGGGCGGGGYN,19917,7512,
query_1,TRUE,0.007010018685370906,6773,399,180,0.45112781954887216,0.026576111029086077,TF:M01873,TF,Factor: Egr-1; motif: GCGGGGGCGG,19917,1552,
query_1,TRUE,0.007994195653529428,12907,399,301,0.7543859649122807,0.023320678701479816,TF:M00646,TF,Factor: LF-A1; motif: GGGSTCWR,19917,4476,
query_1,TRUE,0.008270913063999795,5266,399,147,0.3684210526315789,0.027914925939992404,TF:M07387,TF,Factor: LRF; motif: NGKGGGTSNCN,19917,4602,
query_1,TRUE,0.008436154490386422,3218,399,100,0.2506265664160401,0.031075201988812928,TF:M05439_1,TF,Factor: RREB-1; motif: GGGWCSA; match class: 1,19917,7021,
query_1,TRUE,0.008740854232423104,6233,399,168,0.42105263157894735,0.026953313011390985,TF:M06948_1,TF,Factor: Sp2; motif: TGGGCGCGCCCA; match class: 1,19917,7523,
query_1,TRUE,0.009174621376059412,2364,399,79,0.19799498746867167,0.03341793570219966,TF:M04149,TF,Factor: TFAP2B; motif: NGCCCNNRGGCA,19917,8192,
query_1,TRUE,0.009250958201609514,618,399,31,0.07769423558897243,0.05016181229773463,TF:M10137,TF,Factor: ZBP99; motif: NGGNGGGGGAGGGGN,19917,8832,
query_1,TRUE,0.009493296384119863,6427,399,172,0.43107769423558895,0.026762097401587054,TF:M02090_1,TF,Factor: E2F-4; motif: GCGGGAAANA; match class: 1,19917,1449,
query_1,TRUE,0.009832979883414418,5191,399,145,0.3634085213032581,0.027932960893854747,TF:M09761,TF,Factor: EGR1; motif: NGNGKGGGYGGNGS,19917,1542,
query_1,TRUE,0.010013342969150737,6153,399,166,0.41604010025062654,0.026978709572566227,TF:M03896,TF,Factor: EGR1; motif: NACGCCCACGCANW,19917,1528,
query_1,TRUE,0.010199960134180626,7811,399,201,0.5037593984962406,0.025732940724619128,TF:M08952,TF,Factor: NF-KAPPAB1; motif: NGGKRNTTYCCCN,19917,5452,
query_1,TRUE,0.010978258269666597,13379,399,309,0.7744360902255639,0.023095896554301516,TF:M11531,TF,Factor: E2F-2; motif: GCGCGCGCGYW,19917,1406,
query_1,TRUE,0.011998179476057712,8460,399,214,0.5363408521303258,0.025295508274231677,TF:M03807,TF,Factor: SP2; motif: GNNGGGGGCGGGGSN,19917,7536,
query_1,TRUE,0.01203966162167189,13223,399,306,0.7669172932330827,0.023141495878393707,TF:M11533,TF,Factor: E2F-1; motif: NTTTTGGCGCCAWWWN,19917,1378,
query_1,TRUE,0.01215733553305672,13224,399,306,0.7669172932330827,0.023139745916515426,TF:M11880,TF,Factor: pax-6; motif: NYACGCWTSANYGMNCN,19917,6124,
query_1,TRUE,0.012213576617076297,16491,399,362,0.9072681704260651,0.021951367412528046,TF:M08441,TF,Factor: AP-2gamma:Elk-1; motif: NGCCKNRGGSGRCGGAAGTG,19917,8208,
query_1,TRUE,0.012555245027978475,5851,399,159,0.39849624060150374,0.027174841907366264,TF:M11595_1,TF,Factor: GCMa; motif: RTGCGGGTN; match class: 1,19917,2945,
query_1,TRUE,0.013034900458770394,6551,399,174,0.43609022556390975,0.026560830407571363,TF:M09898,TF,Factor: Egr-2; motif: GNGRRNGWGKGGGNGGRG,19917,1560,
query_1,TRUE,0.015462487028197688,15001,399,337,0.8446115288220551,0.022465168988734085,TF:M10438_1,TF,Factor: ZF5; motif: GGSGCGCGS; match class: 1,19917,8795,
query_1,TRUE,0.01598659109222571,7376,399,191,0.47869674185463656,0.02589479392624729,TF:M00938,TF,Factor: E2F-1; motif: TTGGCGCGRAANNGNM,19917,1382,
query_1,TRUE,0.01675575434038557,1287,399,50,0.12531328320802004,0.03885003885003885,TF:M00243_1,TF,Factor: Egr-1; motif: WTGCGTGGGCGK; match class: 1,19917,1525,
query_1,TRUE,0.017284980014068318,14722,399,332,0.8320802005012531,0.022551283792962912,TF:M11530,TF,Factor: E2F-2; motif: NWTTTGGCGCCAWWNN,19917,1404,
query_1,TRUE,0.01729115652654967,3525,399,106,0.2656641604010025,0.030070921985815603,TF:M01303_1,TF,Factor: SP1; motif: GGGGYGGGGNS; match class: 1,19917,7485,
query_1,TRUE,0.017745376393850428,7916,399,202,0.506265664160401,0.025517938352703384,TF:M04823_1,TF,Factor: E2F-4; motif: NNTTCCCGCCNN; match class: 1,19917,1439,
query_1,TRUE,0.01826562127308567,7919,399,202,0.506265664160401,0.02550827124636949,TF:M00322,TF,Factor: c-Myc:Max; motif: GCCAYGYGSN,19917,5144,
query_1,TRUE,0.018991147048506535,8754,399,219,0.5488721804511278,0.025017135023989032,TF:M10477_1,TF,Factor: ZNF436; motif: TCCTCCAGGAAGCCY; match class: 1,19917,9759,
query_1,TRUE,0.019951106425610033,10315,399,250,0.6265664160401002,0.024236548715462918,TF:M04869_1,TF,Factor: Egr-1; motif: GCGCATGCG; match class: 1,19917,1533,
query_1,TRUE,0.02238192758226137,3803,399,112,0.2807017543859649,0.02945043386799895,TF:M09970_1,TF,Factor: KLF3; motif: NNNNNNGGGCGGGGCNNGN; match class: 1,19917,4381,
query_1,TRUE,0.02297835740342054,6513,399,172,0.43107769423558895,0.026408721019499464,TF:M04107_1,TF,Factor: RUNX2; motif: WRACCGCANWAACCGCAN; match class: 1,19917,7033,
query_1,TRUE,0.023416718570773813,7463,399,192,0.48120300751879697,0.025726919469382287,TF:M08523_1,TF,Factor: E2F-1:TBR2; motif: NGGTGNNANGGCGCNNTNNCRNNN; match class: 1,19917,1367,
query_1,TRUE,0.023924799372348246,10131,399,246,0.6165413533834586,0.02428190701806337,TF:M00008,TF,Factor: Sp1; motif: GGGGCGGGGT,19917,7482,
query_1,TRUE,0.026033826665304863,1021,399,42,0.10526315789473684,0.04113614103819784,TF:M01597,TF,Factor: Zfp281; motif: TGGGGGAGGGG,19917,8830,
query_1,TRUE,0.02674485503374689,7381,399,190,0.47619047619047616,0.025741769407939305,TF:M12152,TF,Factor: Sp1; motif: NWRGCCACGCCCMCN,19917,7502,
query_1,TRUE,0.02700265627178781,2678,399,85,0.21303258145363407,0.03174010455563853,TF:M01873_1,TF,Factor: Egr-1; motif: GCGGGGGCGG; match class: 1,19917,1553,
query_1,TRUE,0.02731284335539688,2313,399,76,0.19047619047619047,0.03285776048421963,TF:M00665_1,TF,Factor: Sp3; motif: ASMCTTGGGSRGGG; match class: 1,19917,7545,
query_1,TRUE,0.02740419194510298,8449,399,212,0.531328320802005,0.0250917268315777,TF:M04106_1,TF,Factor: RUNX2; motif: NRACCGCAAACCGCAN; match class: 1,19917,7031,
query_1,TRUE,0.028884063607992713,2519,399,81,0.20300751879699247,0.03215561730845574,TF:M07329_1,TF,Factor: Osx; motif: CCNCCCCCNNN; match class: 1,19917,5943,
query_1,TRUE,0.029352399591150487,12880,399,298,0.7468671679197995,0.02313664596273292,TF:M04823,TF,Factor: E2F-4; motif: NNTTCCCGCCNN,19917,1438,
query_1,TRUE,0.03064497620969928,9053,399,224,0.5614035087719298,0.024743179056666297,TF:M08266_1,TF,Factor: ER71:Pax-5; motif: ACCGGAACYACGCWTSANTG; match class: 1,19917,2139,
query_1,TRUE,0.030692696040511468,9352,399,230,0.5764411027568922,0.02459366980325064,TF:M04110,TF,Factor: RUNX3; motif: NRACCGCANWAACCRCAN,19917,7046,
query_1,TRUE,0.031207937527536568,8463,399,212,0.531328320802005,0.025050218598605695,TF:M09724,TF,Factor: DATF1; motif: SNGGRRGCWGNGGG,19917,1134,
query_1,TRUE,0.03374486059292141,14560,399,328,0.8220551378446115,0.022527472527472527,TF:M08205,TF,Factor: E2F-1:Elk-1; motif: SGCGCSNNAMCGGAAGT,19917,1364,
query_1,TRUE,0.03488332948777602,3796,399,111,0.2781954887218045,0.029241306638566913,TF:M04110_1,TF,Factor: RUNX3; motif: NRACCGCANWAACCRCAN; match class: 1,19917,7047,
query_1,TRUE,0.034995376356784916,14850,399,333,0.8345864661654135,0.022424242424242423,TF:M00378_1,TF,Factor: Pax-4; motif: NNNNNYCACCCB; match class: 1,19917,6075,
query_1,TRUE,0.03505549102548021,8919,399,221,0.5538847117794486,0.024778562619127704,TF:M03811,TF,Factor: AP-2gamma; motif: GCCYNCRGSN,19917,142,
query_1,TRUE,0.035424730920793984,4278,399,122,0.3057644110275689,0.02851799906498364,TF:M00800_1,TF,Factor: AP-2; motif: GSCCSCRGGCNRNRNN; match class: 1,19917,149,
query_1,TRUE,0.036046795288366545,2575,399,82,0.20551378446115287,0.031844660194174756,TF:M02281_1,TF,Factor: SP1; motif: CCCCKCCCCC; match class: 1,19917,7487,
query_1,TRUE,0.03646398298713598,11519,399,272,0.681704260651629,0.02361316086465839,TF:M11882_1,TF,Factor: pax-6; motif: NYACGCNYSANYGMNCN; match class: 1,19917,6129,
query_1,TRUE,0.03672776593130622,3328,399,100,0.2506265664160401,0.030048076923076924,TF:M09765_1,TF,Factor: SP1; motif: NRGKGGGCGGGGCN; match class: 1,19917,7495,
query_1,TRUE,0.03697932862298621,13561,399,310,0.7769423558897243,0.02285967111569943,TF:M11530_1,TF,Factor: E2F-2; motif: NWTTTGGCGCCAWWNN; match class: 1,19917,1405,
query_1,TRUE,0.042527518917260525,15217,399,339,0.849624060150376,0.022277715712689754,TF:M00333,TF,Factor: ZF5; motif: NRNGNGCGCGCWN,19917,8800,
query_1,TRUE,0.04351982098840722,6908,399,179,0.44862155388471175,0.025911986103068906,TF:M12183,TF,Factor: KLF14; motif: NRCCACRCCCMCN,19917,4350,
query_1,TRUE,0.0445024063686224,13969,399,317,0.7944862155388471,0.02269310616364808,TF:M04106,TF,Factor: RUNX2; motif: NRACCGCAAACCGCAN,19917,7030,
query_1,TRUE,0.0445943964961947,3947,399,114,0.2857142857142857,0.02888269571826704,TF:M09972_1,TF,Factor: BTEB2; motif: WGGGTGKGGCNGGN; match class: 1,19917,589,
query_1,TRUE,0.045459771730242945,4566,399,128,0.3208020050125313,0.02803328953131844,TF:M09896_1,TF,Factor: E2F-7; motif: GRGGCGGGAANNN; match class: 1,19917,1459,
query_1,TRUE,1.894349588814991e-4,46,186,9,0.04838709677419355,0.1956521739130435,WP:WP1591,WP,Heart Development,7562,122,
query_1,TRUE,0.004557749266626816,119,186,12,0.06451612903225806,0.10084033613445378,WP:WP4787,WP,Osteoblast differentiation,7562,444,
query_1,TRUE,0.005500791949868172,53,186,8,0.043010752688172046,0.1509433962264151,WP:WP2406,WP,Cardiac Progenitor Differentiation,7562,188,
query_1,TRUE,0.010289729148242601,43,186,7,0.03763440860215054,0.16279069767441862,WP:WP4823,WP,Genes controlling nephrogenesis,7562,27,
query_1,TRUE,0.027803720093611282,23,186,5,0.026881720430107527,0.21739130434782608,WP:WP4830,WP,GDNF/RET signalling axis,7562,373,
